Built from '6000.5/staging' branch; Version is '6000.5.10f1 (3bd4f66ad299) revision 3921142'; Using compiler version '194234433'; Build Type 'Release'
OS: 'Windows 11  (10.0.26200) Professional' Language: 'en' Physical Memory: 16016 MB
BatchMode: 1, IsHumanControllingUs: 0, StartBugReporterOnCrash: 0, Is64bit: 1
System  architecture: x64
Process architecture: x64
Date: 2026-09-13T12:49:34Z
[Licensing::Module] Trying to connect to existing licensing client channel...
[Licensing::IpcConnector] Successfully connected to: "LicenseClient-emmai" at "2026-09-13T12:49:34.5025929Z"

COMMAND LINE ARGUMENTS:
C:\Program Files\Unity\Hub\Editor\6000.5.10f1\Editor\Unity.exe
-adb2
-batchMode
-noUpm
-name
AssetImportWorkerHW0
-projectPath
C:/Users/emmai/0x02-unity-scripting
-logFile
Logs/AssetImportWorkerHW0.log
-srvPort
60583
-parentPid
16824
-analyticsCloudUserId
anonymous
-analyticsCloudProjectId
3232d430-db78-48a9-9d3d-4095451787f0
-analyticsLocalProjectId
c186cc5ad23027e46b76eeb0c8cc4278
-editorAnalyticsEnabled
1
-cbmEditorLicense
012192ffd04e7fcee015b385b1fe1412e5a163ac
-cbmMachineId
uyjhlD/zAJxBvsb/6GcZS1/wh3M=
-licensingIpc
LicenseClient-emmai
-noDiagnosticSwitchPersistentStore
-job-worker-count
5
-background-job-worker-count
8
-asset-garbage-collectors
1
-force-d3d12
-name
AssetImport
Successfully changed project path to: C:/Users/emmai/0x02-unity-scripting
C:/Users/emmai/0x02-unity-scripting
[UnityMemory] Configuration Parameters - Can be set up in boot.config
    "memorysetup-temp-allocator-size-gi-baking-worker=262144"
    "memorysetup-temp-allocator-size-gi-baking-worker=262144"
    "memorysetup-temp-allocator-size-gi-baking-worker=262144"
    "memorysetup-temp-allocator-size-gi-baking-worker=262144"
    "memorysetup-temp-allocator-size-gi-baking-worker=262144"
    "memorysetup-temp-allocator-size-nav-mesh-worker=65536"
    "memorysetup-temp-allocator-size-audio-worker=65536"
    "memorysetup-temp-allocator-size-cloud-worker=32768"
    "memorysetup-temp-allocator-size-gfx=262144"
    "memorysetup-remapper-allocator-initial-capacity=32768"
    "memorysetup-temp-allocator-size-preload-manager=33554432"
    "memorysetup-allocator-temp-initial-block-size-main=262144"
    "memorysetup-allocator-temp-initial-block-size-worker=262144"
    "memorysetup-temp-allocator-size-job-worker=262144"
    "memorysetup-temp-allocator-size-background-worker=32768"
    "memorysetup-bucket-allocator-granularity=16"
    "memorysetup-bucket-allocator-bucket-count=8"
    "memorysetup-bucket-allocator-block-size=33554432"
    "memorysetup-bucket-allocator-block-count=8"
    "memorysetup-main-allocator-block-size=16777216"
    "memorysetup-thread-allocator-block-size=16777216"
    "memorysetup-main-allocator-mimalloc-enabled=0"
    "memorysetup-gfx-main-allocator-block-size=16777216"
    "memorysetup-gfx-thread-allocator-block-size=16777216"
    "memorysetup-cache-allocator-block-size=4194304"
    "memorysetup-typetree-allocator-block-size=2097152"
    "memorysetup-profiler-bucket-allocator-granularity=16"
    "memorysetup-profiler-bucket-allocator-bucket-count=8"
    "memorysetup-profiler-bucket-allocator-block-size=33554432"
    "memorysetup-profiler-bucket-allocator-block-count=8"
    "memorysetup-profiler-allocator-block-size=16777216"
    "memorysetup-profiler-editor-allocator-block-size=1048576"
    "memorysetup-temp-allocator-size-main=16777216"
    "memorysetup-job-temp-allocator-block-size=2097152"
    "memorysetup-job-temp-allocator-block-size-background=1048576"
    "memorysetup-job-temp-allocator-reduction-small-platforms=262144"
Player connection [25200]  Target information:

Player connection [25200]  * "[IP] 192.168.1.67 [Port] 0 [Flags] 2 [Guid] 1185241403 [EditorId] 1185241403 [Version] 1048832 [Id] WindowsEditor(7,KIKIs-PC) [Debug] 1 [PackageName] WindowsEditor [ProjectName] Editor" 

Player connection [25200] Host joined multi-casting on [225.0.0.222:54997]...
Player connection [25200] Host joined alternative multi-casting on [225.0.0.222:34997]...
JobSystem: Creating JobQueue using job-worker-count value 5
Input System module state changed to: Initialized.
[Physics::Module] Initialized fallback backend.
[Physics::Module] Id: 0xdecafbad
Library Redirect Path: Library/
[Physics::Module] Selected backend.
[Physics::Module] Name: PhysX
[Physics::Module] Id: 0xf2b8ea05
[Physics::Module] SDK Version: 4.1.2
[Physics::Module] Integration Version: 1.0.0
[Physics::Module] Threading Mode: Multi-Threaded
Refreshing native plugins compatible for Editor in 12.71 ms, found 3 plugins.
Initialize engine version: 6000.5.10f1 (3bd4f66ad299)
[Subsystems] Discovering subsystems at path C:/Program Files/Unity/Hub/Editor/6000.5.10f1/Editor/Data/Resources/UnitySubsystems
[Subsystems] Discovering subsystems at path C:/Users/emmai/0x02-unity-scripting/Assets
Forcing GfxDevice: Direct3D 12
GfxDevice: creating device client; kGfxThreadingModeNonThreaded
d3d12: failed to query info queue interface (0x80004002).
Direct3D:
    Version:         Direct3D 12 [level 12.2]
    Renderer:        NVIDIA GeForce MX570 (ID=0x25a6)
    Vendor:          NVIDIA
    VRAM:            1934 MB
    App VRAM Budget: 1644 MB
    Driver:          32.0.15.9595
Initialize mono
Mono path[0] = 'C:/Program Files/Unity/Hub/Editor/6000.5.10f1/Editor/Data/Managed'
Mono path[1] = 'C:/Program Files/Unity/Hub/Editor/6000.5.10f1/Editor/Data/BCLExtensions/runtime/netstandard2.1'
Mono path[2] = 'C:/Program Files/Unity/Hub/Editor/6000.5.10f1/Editor/Data/MonoBleedingEdge/lib/mono/unityjit-win32'
Mono config path = 'C:/Program Files/Unity/Hub/Editor/6000.5.10f1/Editor/Data/MonoBleedingEdge/etc'
Using monoOptions --debugger-agent=transport=dt_socket,embedding=1,server=y,suspend=n,address=127.0.0.1:56928
CodeReloadManager initialized
Begin MonoManager ReloadAssembly
Registering precompiled unity dll's ...
Register platform support module: C:/Program Files/Unity/Hub/Editor/6000.5.10f1/Editor/Data/PlaybackEngines/WebGLSupport/UnityEditor.WebGL.Extensions.dll
Register platform support module: C:/Program Files/Unity/Hub/Editor/6000.5.10f1/Editor/Data/PlaybackEngines/WindowsStandaloneSupport/UnityEditor.WindowsStandalone.Extensions.dll
Registered in 0.006206 seconds.
Native extension for WindowsStandalone target not found
Native extension for WebGL target not found
Package Manager log level set to [2]
[Package Manager] Failed to launch server process. Reason: Unity was launched with the -noUpm command-line argument
[Package Manager] Unable to send message (not connected to server process).
[Package Manager] Cannot connect to Unity Package Manager local server
ScheduleIndexationOnStartup MainProcess:False IndexOnStartup:False
Mono: successfully reloaded assembly
- Finished resetting the current domain, in  1.179 seconds
Domain Reload Profiling: 2859ms
	BeginReloadAssembly (429ms)
		CreateAndSetChildDomain (3ms)
	RebuildCommonClasses (12ms)
	RebuildNativeTypeToScriptingClass (51ms)
	initialDomainReloadingComplete (207ms)
	LoadAllAssembliesAndSetupDomain (978ms)
		LoadAssemblies (416ms)
		AnalyzeDomain (741ms)
			TypeCache.Refresh (737ms)
				TypeCache.ScanAssembly (702ms)
	FinalizeReload (1182ms)
		SetupLoadedEditorAssemblies (0ms)
			InitializePlatformSupportModulesInManaged (5ms)
			BeforeProcessingInitializeOnLoad (234ms)
			ProcessInitializeOnLoadAttributes (220ms)
			ProcessInitializeOnLoadMethodAttributes (551ms)
Initializing Unity extensions:
[Licensing::Module] Licensing is not yet initialized.
[Licensing::Client] Error: HandshakeResponse reported an error:
	ResponseCode: 505
	ResponseStatus: Unsupported protocol version '1.18.3'.
[Licensing::Module] Error: Failed to handshake to channel: "LicenseClient-emmai"
[Licensing::IpcConnector] LicenseClient-emmai channel disconnected successfully.
[Licensing::IpcConnector] Successfully connected to: "LicenseClient-emmai-6000.5.10" at "2026-09-13T12:49:40.1011366Z"
[Licensing::Client] Code 10 while verifying Licensing Client signature (process Id: 28520, path: "C:/Program Files/Unity/Hub/Editor/6000.5.10f1/Editor/Data/Resources/Licensing/Client/Unity.Licensing.Client.exe")
[Licensing::Module] LicensingClient has failed validation; ignoring
[Licensing::Client] Handshaking with LicensingClient:
  Version:                 1.18.3+d7ffd15
  Session Id:              e3db4331e55541e3bacea7af498fe32f
  Correlation Id:          0d1c57246f4d7e9c666ecae6794d1db1
  External correlation Id: 5103495938403984028
  Machine Id:              uyjhlD/zAJxBvsb/6GcZS1/wh3M=
[Licensing::Module] Successfully connected to LicensingClient on channel: "LicenseClient-emmai-6000.5.10" (connect: 0.00s, validation: 0.01s, handshake: 0.05s)
[Licensing::IpcConnector] Successfully connected to: "LicenseClient-emmai-6000.5.10-notifications" at "2026-09-13T12:49:40.1607935Z"
[Licensing::Module] Licensing Background thread has ended after 5.66s
[Licensing::Module] Licensing is initialized (took 0.18s).
[Licensing::Client] Successfully resolved entitlement details
[Licensing::Module] License group:
  Id: 11270705594491-UnityPersXXXX
  Product: Unity Personal
  Type: Assigned
  Expiration: Unlimited
========================================================================
Worker process is ready to serve import requests
Import Worker Mode flag is 0x00
Curl error 3: URL rejected: Malformed input to a URL function
Begin MonoManager ReloadAssembly
Symbol file LoadedFromMemory is not a mono symbol file
Refreshing native plugins compatible for Editor in 7.79 ms, found 3 plugins.
Native extension for WindowsStandalone target not found
Native extension for WebGL target not found
[Package Manager] Failed to launch server process. Reason: Unity was launched with the -noUpm command-line argument
[Package Manager] Unable to send message (not connected to server process).
[Package Manager] Cannot connect to Unity Package Manager local server
Refreshing native plugins compatible for Editor in 7.36 ms, found 3 plugins.
[Package Manager] Failed to launch server process. Reason: Unity was launched with the -noUpm command-line argument
[Package Manager] Unable to send message (not connected to server process).
[Package Manager] Cannot connect to Unity Package Manager local server
ScheduleIndexationOnStartup MainProcess:False IndexOnStartup:False
Mono: successfully reloaded assembly
- Finished resetting the current domain, in  1.682 seconds
Domain Reload Profiling: 3357ms
	BeginReloadAssembly (408ms)
		DisableScriptedObjects (20ms)
		CreateAndSetChildDomain (55ms)
	RebuildCommonClasses (16ms)
	RebuildNativeTypeToScriptingClass (37ms)
	initialDomainReloadingComplete (112ms)
	LoadAllAssembliesAndSetupDomain (1100ms)
		LoadAssemblies (850ms)
		AnalyzeDomain (268ms)
			TypeCache.Refresh (196ms)
				TypeCache.ScanAssembly (175ms)
			BuildScriptInfoCaches (68ms)
	FinalizeReload (1684ms)
		SetupLoadedEditorAssemblies (0ms)
			InitializePlatformSupportModulesInManaged (6ms)
			BeforeProcessingInitializeOnLoad (189ms)
			ProcessInitializeOnLoadAttributes (460ms)
			ProcessInitializeOnLoadMethodAttributes (553ms)
			AfterProcessingInitializeOnLoad (10ms)
		AwakeInstancesAfterBackupRestoration (20ms)
AcceleratorClientConnectionCallback - disconnected - :0
Launched and connected shader compiler UnityShaderCompiler.exe after 0.12 seconds
Refreshing native plugins compatible for Editor in 14.37 ms, found 3 plugins.
Unloading 2 Unused Serialized files (Serialized files now loaded: 0)
Curl error 3: URL rejected: Malformed input to a URL function
Unloading 3283 unused Assets / (0.8 MB). Loaded Objects now: 4004.
Memory consumption went from 242.6 MB to 241.9 MB.
Total: 37.799100 ms (FindLiveObjects: 0.635800 ms CreateObjectMapping: 0.689700 ms MarkObjects: 32.889600 ms  DeleteObjects: 3.578300 ms)

========================================================================
Received Prepare
AcceleratorClientConnectionCallback - disconnected - :0
Refreshing native plugins compatible for Editor in 18.90 ms, found 3 plugins.
Unloading 1 Unused Serialized files (Serialized files now loaded: 0)
Unloading 1 unused Assets / (35.3 KB). Loaded Objects now: 4004.
Memory consumption went from 238.6 MB to 238.6 MB.
Total: 34.251400 ms (FindLiveObjects: 0.529500 ms CreateObjectMapping: 0.263000 ms MarkObjects: 33.256300 ms  DeleteObjects: 0.198700 ms)

Prepare: number of updated asset objects reloaded= 0
========================================================================
Received Import Request.
  Time of request: 2026-09-13T12:49:46.3136424Z
  Time since last request: 378497.09212709998246 seconds.
  importAddress: GUID: 149e37d5faf2b2a4099fb209bbd38113 - Path: Packages/com.unity.collab-proxy/Editor/ParentWindow.cs - Importer: ScriptedImporter/UnityEditor.QuickSearchModule:UnityEditor.Search:ASIAI0B
Importing 'GUID: 149e37d5faf2b2a4099fb209bbd38113 - Path: Packages/com.unity.collab-proxy/Editor/ParentWindow.cs - Importer: ScriptedImporter/UnityEditor.QuickSearchModule:UnityEditor.Search:ASIAI0B' with importer (ScriptedImporter : UnityEditor.QuickSearchModule:UnityEditor.Search:ASIAI0B)
Imported 'GUID: 149e37d5faf2b2a4099fb209bbd38113' -> (Import Result ID: '2b8bce76bb66c9b68c5f78c5764addbd') in 0.673 seconds [static and dynamic dependencies]. Details - ImportResultOutputID=79e462201b841986bd49f3537a7d40b3 DependenciesID=d9f2e6354a2e7ecd983f8dc9fcd5e70e StaticDependenciesID=168c9a5ec32655aff86c9118e75eccbb 
Number of updated asset objects reloaded before import = 0
Number of asset objects unloaded after import = 0
========================================================================
Received Import Request.
  Time of request: 2026-09-13T12:49:46.9934364Z
  Time since last request: 0.0016281 seconds.
  importAddress: GUID: 7b85d37b2f076804f8b93f821d6ff88e - Path: Packages/com.unity.collab-proxy/Editor/SwitchUVCSPlugin.cs - Importer: ScriptedImporter/UnityEditor.QuickSearchModule:UnityEditor.Search:ASIAI0B
Importing 'GUID: 7b85d37b2f076804f8b93f821d6ff88e - Path: Packages/com.unity.collab-proxy/Editor/SwitchUVCSPlugin.cs - Importer: ScriptedImporter/UnityEditor.QuickSearchModule:UnityEditor.Search:ASIAI0B' with importer (ScriptedImporter : UnityEditor.QuickSearchModule:UnityEditor.Search:ASIAI0B)
Imported 'GUID: 7b85d37b2f076804f8b93f821d6ff88e' -> (Import Result ID: '2357ff9cb625ee4fcb241e2f65ac094d') in 0.025 seconds [static and dynamic dependencies]. Details - ImportResultOutputID=c808018f25e8f184fd92942d4ed044bc DependenciesID=f2ecb30c11500c97d56d0304fa7e049d StaticDependenciesID=f199026914e12394098e7312fdc03718 
Number of updated asset objects reloaded before import = 0
Number of asset objects unloaded after import = 0
========================================================================
Received Import Request.
  Time of request: 2026-09-13T12:49:47.0235462Z
  Time since last request: 0.0010784 seconds.
  importAddress: GUID: d7093db72592417cb57b7bd64a17ecff - Path: Packages/com.unity.collab-proxy/Editor/Execute.cs - Importer: ScriptedImporter/UnityEditor.QuickSearchModule:UnityEditor.Search:ASIAI0B
Importing 'GUID: d7093db72592417cb57b7bd64a17ecff - Path: Packages/com.unity.collab-proxy/Editor/Execute.cs - Importer: ScriptedImporter/UnityEditor.QuickSearchModule:UnityEditor.Search:ASIAI0B' with importer (ScriptedImporter : UnityEditor.QuickSearchModule:UnityEditor.Search:ASIAI0B)
Imported 'GUID: d7093db72592417cb57b7bd64a17ecff' -> (Import Result ID: '6d40c16aa63f0bbe542b84ebc98f924b') in 0.031 seconds [static and dynamic dependencies]. Details - ImportResultOutputID=e52fbac3fef94403093530c82be42266 DependenciesID=e4384316ad349c052101eb293e012ff7 StaticDependenciesID=81315ac0b069e08f39107a439920fb89 
Number of updated asset objects reloaded before import = 0
Number of asset objects unloaded after import = 0
========================================================================
Received Import Request.
  Time of request: 2026-09-13T12:49:47.0571801Z
  Time since last request: 0.0017556 seconds.
  importAddress: GUID: b797ab877d324fafbfb2f81daee694ea - Path: Packages/com.unity.collab-proxy/Editor/StackTraceChecker.cs - Importer: ScriptedImporter/UnityEditor.QuickSearchModule:UnityEditor.Search:ASIAI0B
Importing 'GUID: b797ab877d324fafbfb2f81daee694ea - Path: Packages/com.unity.collab-proxy/Editor/StackTraceChecker.cs - Importer: ScriptedImporter/UnityEditor.QuickSearchModule:UnityEditor.Search:ASIAI0B' with importer (ScriptedImporter : UnityEditor.QuickSearchModule:UnityEditor.Search:ASIAI0B)
Imported 'GUID: b797ab877d324fafbfb2f81daee694ea' -> (Import Result ID: '55375f912dde0ee59dc23e01008a4230') in 0.013 seconds [static and dynamic dependencies]. Details - ImportResultOutputID=b6a0fc176b88df7aa56f2468f7cc3a17 DependenciesID=d378681b265395e30115fd2b19bd89e0 StaticDependenciesID=14c07c0886b179bfff3fa52cdd19c985 
Number of updated asset objects reloaded before import = 0
Number of asset objects unloaded after import = 0
========================================================================
Received Import Request.
  Time of request: 2026-09-13T12:49:47.0742063Z
  Time since last request: 0.0019749 seconds.
  importAddress: GUID: 30e9a0b4c58f24512803e160e0216686 - Path: Packages/com.unity.collab-proxy/Editor/WorkspaceWindow.cs - Importer: ScriptedImporter/UnityEditor.QuickSearchModule:UnityEditor.Search:ASIAI0B
Importing 'GUID: 30e9a0b4c58f24512803e160e0216686 - Path: Packages/com.unity.collab-proxy/Editor/WorkspaceWindow.cs - Importer: ScriptedImporter/UnityEditor.QuickSearchModule:UnityEditor.Search:ASIAI0B' with importer (ScriptedImporter : UnityEditor.QuickSearchModule:UnityEditor.Search:ASIAI0B)
Imported 'GUID: 30e9a0b4c58f24512803e160e0216686' -> (Import Result ID: 'e67312db13be4e433a661115537663f2') in 0.034 seconds [static and dynamic dependencies]. Details - ImportResultOutputID=8efbcda3d7abf7dba8954a9d701f9b51 DependenciesID=3ba108f62bb432180d0f2c0f4e81c6d3 StaticDependenciesID=30f84d71403050c4e8ab8cefc0dd3259 
Number of updated asset objects reloaded before import = 0
Number of asset objects unloaded after import = 0
========================================================================
Received Import Request.
  Time of request: 2026-09-13T12:49:47.1102135Z
  Time since last request: 0.0012839 seconds.
  importAddress: GUID: 4af85446b06bf694a966f280918beb31 - Path: Packages/com.unity.collab-proxy/Editor/GetRelativePath.cs - Importer: ScriptedImporter/UnityEditor.QuickSearchModule:UnityEditor.Search:ASIAI0B
Importing 'GUID: 4af85446b06bf694a966f280918beb31 - Path: Packages/com.unity.collab-proxy/Editor/GetRelativePath.cs - Importer: ScriptedImporter/UnityEditor.QuickSearchModule:UnityEditor.Search:ASIAI0B' with importer (ScriptedImporter : UnityEditor.QuickSearchModule:UnityEditor.Search:ASIAI0B)
Imported 'GUID: 4af85446b06bf694a966f280918beb31' -> (Import Result ID: '319ce187960d1de6f7967ac3ad8d41aa') in 0.023 seconds [static and dynamic dependencies]. Details - ImportResultOutputID=740db76edc48026db28f00c0d90b165e DependenciesID=8a557c60c939543da3a7bb26ed5f26db StaticDependenciesID=38e9738a37715cb1919c99ab7f5bfd19 
Number of updated asset objects reloaded before import = 0
Number of asset objects unloaded after import = 0
========================================================================
Received Import Request.
  Time of request: 2026-09-13T12:49:47.1409644Z
  Time since last request: 0.0061831 seconds.
  importAddress: GUID: cd17bd02643083b43bac72747b7641ff - Path: Packages/com.unity.collab-proxy/Editor/IncomingChanges.cs - Importer: ScriptedImporter/UnityEditor.QuickSearchModule:UnityEditor.Search:ASIAI0B
Importing 'GUID: cd17bd02643083b43bac72747b7641ff - Path: Packages/com.unity.collab-proxy/Editor/IncomingChanges.cs - Importer: ScriptedImporter/UnityEditor.QuickSearchModule:UnityEditor.Search:ASIAI0B' with importer (ScriptedImporter : UnityEditor.QuickSearchModule:UnityEditor.Search:ASIAI0B)
Imported 'GUID: cd17bd02643083b43bac72747b7641ff' -> (Import Result ID: '862d0897798bb8e87578f2027f8d32a9') in 0.028 seconds [static and dynamic dependencies]. Details - ImportResultOutputID=a32f25d68f084560a588d80f423876ec DependenciesID=9a80ca203a36b372506b40864f58b55c StaticDependenciesID=a8bb0f30df6fc3b0838cc9b9e9fc4186 
Number of updated asset objects reloaded before import = 0
Number of asset objects unloaded after import = 0
========================================================================
Received Import Request.
  Time of request: 2026-09-13T12:49:47.1721828Z
  Time since last request: 0.0019062 seconds.
  importAddress: GUID: 0871efd99e5c46ed90fdb02d5e69df2d - Path: Packages/com.unity.collab-proxy/Editor/UnityObjectInstance.cs - Importer: ScriptedImporter/UnityEditor.QuickSearchModule:UnityEditor.Search:ASIAI0B
Importing 'GUID: 0871efd99e5c46ed90fdb02d5e69df2d - Path: Packages/com.unity.collab-proxy/Editor/UnityObjectInstance.cs - Importer: ScriptedImporter/UnityEditor.QuickSearchModule:UnityEditor.Search:ASIAI0B' with importer (ScriptedImporter : UnityEditor.QuickSearchModule:UnityEditor.Search:ASIAI0B)
Imported 'GUID: 0871efd99e5c46ed90fdb02d5e69df2d' -> (Import Result ID: '88179cacc0f9c8189cd09273702b9dc9') in 0.016 seconds [static and dynamic dependencies]. Details - ImportResultOutputID=75227954aad2c990cea49ef81c91895d DependenciesID=de86dfa58cd2288bad60f932a21f7497 StaticDependenciesID=2d7b2287f115e04dbe2f15f0acfe8a40 
Number of updated asset objects reloaded before import = 0
Number of asset objects unloaded after import = 0
========================================================================
Received Import Request.
  Time of request: 2026-09-13T12:49:47.189338Z
  Time since last request: 0.0010633 seconds.
  importAddress: GUID: 339ab94297b6ceb4da9223a1504a917d - Path: Packages/com.unity.collab-proxy/Editor/ProjectPackages.cs - Importer: ScriptedImporter/UnityEditor.QuickSearchModule:UnityEditor.Search:ASIAI0B
Importing 'GUID: 339ab94297b6ceb4da9223a1504a917d - Path: Packages/com.unity.collab-proxy/Editor/ProjectPackages.cs - Importer: ScriptedImporter/UnityEditor.QuickSearchModule:UnityEditor.Search:ASIAI0B' with importer (ScriptedImporter : UnityEditor.QuickSearchModule:UnityEditor.Search:ASIAI0B)
Imported 'GUID: 339ab94297b6ceb4da9223a1504a917d' -> (Import Result ID: 'd79f6fc478d08925397849f8bc2b026f') in 0.021 seconds [static and dynamic dependencies]. Details - ImportResultOutputID=703822bb3e0c1ff84d41e75679ce4f63 DependenciesID=ee15777405f30928ccab7415fa9b67f2 StaticDependenciesID=5a5eab362c1c601760adff74ac03473c 
Number of updated asset objects reloaded before import = 0
Number of asset objects unloaded after import = 0
========================================================================
Received Import Request.
  Time of request: 2026-09-13T12:49:47.2153229Z
  Time since last request: 0.0040484 seconds.
  importAddress: GUID: e7dc580933b555942b2f89a14ca659f1 - Path: Packages/com.unity.collab-proxy/Editor/IntSetting.cs - Importer: ScriptedImporter/UnityEditor.QuickSearchModule:UnityEditor.Search:ASIAI0B
Importing 'GUID: e7dc580933b555942b2f89a14ca659f1 - Path: Packages/com.unity.collab-proxy/Editor/IntSetting.cs - Importer: ScriptedImporter/UnityEditor.QuickSearchModule:UnityEditor.Search:ASIAI0B' with importer (ScriptedImporter : UnityEditor.QuickSearchModule:UnityEditor.Search:ASIAI0B)
Imported 'GUID: e7dc580933b555942b2f89a14ca659f1' -> (Import Result ID: '7bb2b82b567f22f7bd66d11447b36db0') in 0.011 seconds [static and dynamic dependencies]. Details - ImportResultOutputID=a3b6cd317980144a1667c53a77c89114 DependenciesID=82b6d624f63ae6ed6390d596cff3e153 StaticDependenciesID=f4292497957ce56944ae045c60f43b46 
Number of updated asset objects reloaded before import = 0
Number of asset objects unloaded after import = 0
========================================================================
Received Import Request.
  Time of request: 2026-09-13T12:49:47.2306723Z
  Time since last request: 0.0011737 seconds.
  importAddress: GUID: f7ff74c84c0f48718770726c160f6689 - Path: Packages/com.unity.collab-proxy/Editor/XxHash128HashingAlgorithm.cs - Importer: ScriptedImporter/UnityEditor.QuickSearchModule:UnityEditor.Search:ASIAI0B
Importing 'GUID: f7ff74c84c0f48718770726c160f6689 - Path: Packages/com.unity.collab-proxy/Editor/XxHash128HashingAlgorithm.cs - Importer: ScriptedImporter/UnityEditor.QuickSearchModule:UnityEditor.Search:ASIAI0B' with importer (ScriptedImporter : UnityEditor.QuickSearchModule:UnityEditor.Search:ASIAI0B)
Imported 'GUID: f7ff74c84c0f48718770726c160f6689' -> (Import Result ID: '0aebba70e38de53905a899e163c236c7') in 0.020 seconds [static and dynamic dependencies]. Details - ImportResultOutputID=28417c4df5aa000f7ff0ccb31972c7aa DependenciesID=4a8907f1d304bec548701c4b2bdf406f StaticDependenciesID=52b102b926399d42c6425def96cf39fa 
Number of updated asset objects reloaded before import = 0
Number of asset objects unloaded after import = 0
========================================================================
Received Import Request.
  Time of request: 2026-09-13T12:49:47.2562875Z
  Time since last request: 0.0043676 seconds.
  importAddress: GUID: fd38ef4911274f9987bb1282281fa3df - Path: Packages/com.unity.collab-proxy/Editor/LaunchPackageManager.cs - Importer: ScriptedImporter/UnityEditor.QuickSearchModule:UnityEditor.Search:ASIAI0B
Importing 'GUID: fd38ef4911274f9987bb1282281fa3df - Path: Packages/com.unity.collab-proxy/Editor/LaunchPackageManager.cs - Importer: ScriptedImporter/UnityEditor.QuickSearchModule:UnityEditor.Search:ASIAI0B' with importer (ScriptedImporter : UnityEditor.QuickSearchModule:UnityEditor.Search:ASIAI0B)
Imported 'GUID: fd38ef4911274f9987bb1282281fa3df' -> (Import Result ID: 'f6da29c2ee14ae8833afe3c595bfb831') in 0.018 seconds [static and dynamic dependencies]. Details - ImportResultOutputID=537b1e2504d91942e3d16429673e003f DependenciesID=823773bb0dd394afcd35e07a545ca918 StaticDependenciesID=8ad504afc242db7d2e6c2c0b6d865d66 
Number of updated asset objects reloaded before import = 0
Number of asset objects unloaded after import = 0
========================================================================
Received Import Request.
  Time of request: 2026-09-13T12:49:47.2760989Z
  Time since last request: 0.0011182 seconds.
  importAddress: GUID: 90e0410ef64dca34bab9040a45a08f7b - Path: Assets/maze.unity - Importer: ScriptedImporter/UnityEditor.QuickSearchModule:UnityEditor.Search:ASIAI0B
Importing 'GUID: 90e0410ef64dca34bab9040a45a08f7b - Path: Assets/maze.unity - Importer: ScriptedImporter/UnityEditor.QuickSearchModule:UnityEditor.Search:ASIAI0B' with importer (ScriptedImporter : UnityEditor.QuickSearchModule:UnityEditor.Search:ASIAI0B)
Imported 'GUID: 90e0410ef64dca34bab9040a45a08f7b' -> (Import Result ID: '5d9605c159cd81383689421a4ffad8e3') in 0.018 seconds [static and dynamic dependencies]. Details - ImportResultOutputID=327de0b81d0eb6fd3db7f1f0d3d784af DependenciesID=711121f993373a8e56409d101500ea86 StaticDependenciesID=1bb9404082527467e039f459b60996b7 
Number of updated asset objects reloaded before import = 0
Number of asset objects unloaded after import = 1
========================================================================
Received Import Request.
  Time of request: 2026-09-13T12:49:47.2970679Z
  Time since last request: 0.0010003 seconds.
  importAddress: GUID: 193169bf9ce845319ec19a5beb1f3afb - Path: Packages/com.unity.collab-proxy/Editor/RecommendToEnableManualCheckout.cs - Importer: ScriptedImporter/UnityEditor.QuickSearchModule:UnityEditor.Search:ASIAI0B
Importing 'GUID: 193169bf9ce845319ec19a5beb1f3afb - Path: Packages/com.unity.collab-proxy/Editor/RecommendToEnableManualCheckout.cs - Importer: ScriptedImporter/UnityEditor.QuickSearchModule:UnityEditor.Search:ASIAI0B' with importer (ScriptedImporter : UnityEditor.QuickSearchModule:UnityEditor.Search:ASIAI0B)
Imported 'GUID: 193169bf9ce845319ec19a5beb1f3afb' -> (Import Result ID: '29fe9b0ee8e866d2fa705e76dc0dd404') in 0.017 seconds [static and dynamic dependencies]. Details - ImportResultOutputID=97c6a3c3a0df8a40fd928f2a855f7395 DependenciesID=4783ef330404c29ba30c2e2a47cbee7e StaticDependenciesID=36a949e1d54b17b950bfc7126493e5eb 
Number of updated asset objects reloaded before import = 0
Number of asset objects unloaded after import = 0
========================================================================
Received Import Request.
  Time of request: 2026-09-13T12:49:47.3159781Z
  Time since last request: 0.0016637 seconds.
  importAddress: GUID: 12c73b1c758dc2d43adb107dadd988da - Path: Packages/com.unity.collab-proxy/Editor/UVCSPluginIsEnabledPreference.cs - Importer: ScriptedImporter/UnityEditor.QuickSearchModule:UnityEditor.Search:ASIAI0B
Importing 'GUID: 12c73b1c758dc2d43adb107dadd988da - Path: Packages/com.unity.collab-proxy/Editor/UVCSPluginIsEnabledPreference.cs - Importer: ScriptedImporter/UnityEditor.QuickSearchModule:UnityEditor.Search:ASIAI0B' with importer (ScriptedImporter : UnityEditor.QuickSearchModule:UnityEditor.Search:ASIAI0B)
Imported 'GUID: 12c73b1c758dc2d43adb107dadd988da' -> (Import Result ID: 'f7534db4cafac3a5b88eb04e6f6d6d00') in 0.020 seconds [static and dynamic dependencies]. Details - ImportResultOutputID=df5e9a2671e85c027f957571b50282d3 DependenciesID=b60ff496410cc9bb44d351259e87cd6c StaticDependenciesID=def2ffbfc6414a2715580ae8270d80a0 
Number of updated asset objects reloaded before import = 0
Number of asset objects unloaded after import = 0
========================================================================
Received Import Request.
  Time of request: 2026-09-13T12:49:47.338656Z
  Time since last request: 0.0018161 seconds.
  importAddress: GUID: ca17c170df6db5042b70adc65fbe770c - Path: Packages/com.unity.collab-proxy/Editor/UVCSMenuItem.cs - Importer: ScriptedImporter/UnityEditor.QuickSearchModule:UnityEditor.Search:ASIAI0B
Importing 'GUID: ca17c170df6db5042b70adc65fbe770c - Path: Packages/com.unity.collab-proxy/Editor/UVCSMenuItem.cs - Importer: ScriptedImporter/UnityEditor.QuickSearchModule:UnityEditor.Search:ASIAI0B' with importer (ScriptedImporter : UnityEditor.QuickSearchModule:UnityEditor.Search:ASIAI0B)
Imported 'GUID: ca17c170df6db5042b70adc65fbe770c' -> (Import Result ID: '932d747ef1a89201a68dc53746b76b74') in 0.033 seconds [static and dynamic dependencies]. Details - ImportResultOutputID=6b602c21ad838d85691d92c6e0420710 DependenciesID=99c5970b491127b879285eacf29e9452 StaticDependenciesID=6d23cc30aca702ac19432f945eed908c 
Number of updated asset objects reloaded before import = 0
Number of asset objects unloaded after import = 0
========================================================================
Received Import Request.
  Time of request: 2026-09-13T12:49:47.3749064Z
  Time since last request: 0.0013875 seconds.
  importAddress: GUID: 52a2c019761d4f74ea3dbdaa0d889673 - Path: Packages/com.unity.collab-proxy/LICENSE.md - Importer: ScriptedImporter/UnityEditor.QuickSearchModule:UnityEditor.Search:ASIAI0B
Importing 'GUID: 52a2c019761d4f74ea3dbdaa0d889673 - Path: Packages/com.unity.collab-proxy/LICENSE.md - Importer: ScriptedImporter/UnityEditor.QuickSearchModule:UnityEditor.Search:ASIAI0B' with importer (ScriptedImporter : UnityEditor.QuickSearchModule:UnityEditor.Search:ASIAI0B)
Imported 'GUID: 52a2c019761d4f74ea3dbdaa0d889673' -> (Import Result ID: '7222ceed3b5ec9796ab6564d977edeb1') in 0.026 seconds [static and dynamic dependencies]. Details - ImportResultOutputID=b8f38a52cc24f6438908815980570929 DependenciesID=7710992411c37c842a6f4bd3d372ab3a StaticDependenciesID=a18fc03b3b336acd51ca30943a6a1199 
Number of updated asset objects reloaded before import = 0
Number of asset objects unloaded after import = 1
========================================================================
Received Import Request.
  Time of request: 2026-09-13T12:49:47.4043822Z
  Time since last request: 0.0021366 seconds.
  importAddress: GUID: 5be77ef41db4cc24a82cd1eca7456b5a - Path: Packages/com.unity.collab-proxy/Editor/BoolSetting.cs - Importer: ScriptedImporter/UnityEditor.QuickSearchModule:UnityEditor.Search:ASIAI0B
Importing 'GUID: 5be77ef41db4cc24a82cd1eca7456b5a - Path: Packages/com.unity.collab-proxy/Editor/BoolSetting.cs - Importer: ScriptedImporter/UnityEditor.QuickSearchModule:UnityEditor.Search:ASIAI0B' with importer (ScriptedImporter : UnityEditor.QuickSearchModule:UnityEditor.Search:ASIAI0B)
Imported 'GUID: 5be77ef41db4cc24a82cd1eca7456b5a' -> (Import Result ID: '7e31eb3db318571f25b28711cd235e66') in 0.024 seconds [static and dynamic dependencies]. Details - ImportResultOutputID=ca2b7d20e64d51a0034cebba6581fa6e DependenciesID=d09da7744fc9c3974ddced4e6b6f6a88 StaticDependenciesID=0f40d75fdf24d24218640fea149b41f5 
Number of updated asset objects reloaded before import = 0
Number of asset objects unloaded after import = 0
========================================================================
Received Import Request.
  Time of request: 2026-09-13T12:49:47.4306668Z
  Time since last request: 0.0012624 seconds.
  importAddress: GUID: d840e39b62104a49b973d5503477c555 - Path: Packages/com.unity.collab-proxy/Editor/OrganizationsInformation.cs - Importer: ScriptedImporter/UnityEditor.QuickSearchModule:UnityEditor.Search:ASIAI0B
Importing 'GUID: d840e39b62104a49b973d5503477c555 - Path: Packages/com.unity.collab-proxy/Editor/OrganizationsInformation.cs - Importer: ScriptedImporter/UnityEditor.QuickSearchModule:UnityEditor.Search:ASIAI0B' with importer (ScriptedImporter : UnityEditor.QuickSearchModule:UnityEditor.Search:ASIAI0B)
Imported 'GUID: d840e39b62104a49b973d5503477c555' -> (Import Result ID: '6c4606c30f48223e0e1744aa3af1d53c') in 0.015 seconds [static and dynamic dependencies]. Details - ImportResultOutputID=2395077ce90066cdff60c2e57cd77571 DependenciesID=bda87119f2138d31b2bcb0e4b1167500 StaticDependenciesID=a36892e9fc2480c6a07dcb21c4d7978d 
Number of updated asset objects reloaded before import = 0
Number of asset objects unloaded after import = 0
========================================================================
Received Import Request.
  Time of request: 2026-09-13T12:49:47.4500819Z
  Time since last request: 0.0011919 seconds.
  importAddress: GUID: 1686ac2e1d109ed43bf2dec74fed784f - Path: Packages/com.unity.collab-proxy/Editor/AssetMenu/AssetsSelection.cs - Importer: ScriptedImporter/UnityEditor.QuickSearchModule:UnityEditor.Search:ASIAI0B
Importing 'GUID: 1686ac2e1d109ed43bf2dec74fed784f - Path: Packages/com.unity.collab-proxy/Editor/AssetMenu/AssetsSelection.cs - Importer: ScriptedImporter/UnityEditor.QuickSearchModule:UnityEditor.Search:ASIAI0B' with importer (ScriptedImporter : UnityEditor.QuickSearchModule:UnityEditor.Search:ASIAI0B)
Imported 'GUID: 1686ac2e1d109ed43bf2dec74fed784f' -> (Import Result ID: '10372defe14f94d01a66bb6285c7b73e') in 0.015 seconds [static and dynamic dependencies]. Details - ImportResultOutputID=54c7d063440881f642b4ddaef49a6215 DependenciesID=f4d0c60800857da943f292aced1235b1 StaticDependenciesID=8e21b03cc0696b9c12fbc1c7ff632aad 
Number of updated asset objects reloaded before import = 0
Number of asset objects unloaded after import = 0
========================================================================
Received Import Request.
  Time of request: 2026-09-13T12:49:47.4668177Z
  Time since last request: 0.0013038 seconds.
  importAddress: GUID: 1e089ef91cc04ecda860ed0dda02a46f - Path: Packages/com.unity.collab-proxy/Editor/QueryVisualElementsExtensions.cs - Importer: ScriptedImporter/UnityEditor.QuickSearchModule:UnityEditor.Search:ASIAI0B
Importing 'GUID: 1e089ef91cc04ecda860ed0dda02a46f - Path: Packages/com.unity.collab-proxy/Editor/QueryVisualElementsExtensions.cs - Importer: ScriptedImporter/UnityEditor.QuickSearchModule:UnityEditor.Search:ASIAI0B' with importer (ScriptedImporter : UnityEditor.QuickSearchModule:UnityEditor.Search:ASIAI0B)
Imported 'GUID: 1e089ef91cc04ecda860ed0dda02a46f' -> (Import Result ID: '17bb33185a1c27b26080fbf75b754c99') in 0.022 seconds [static and dynamic dependencies]. Details - ImportResultOutputID=9e9fbfaa539e4d9e3094cb951732e4cb DependenciesID=9592239ae1ef3d58312a875d17298a0b StaticDependenciesID=fc4e733ac77a2488900d1e525d805e6e 
Number of updated asset objects reloaded before import = 0
Number of asset objects unloaded after import = 0
========================================================================
Received Import Request.
  Time of request: 2026-09-13T12:49:47.490831Z
  Time since last request: 0.0011091 seconds.
  importAddress: GUID: 1c29d75b38cc7904aa356d138857d40c - Path: Assets/Resources/BillingMode.json - Importer: ScriptedImporter/UnityEditor.QuickSearchModule:UnityEditor.Search:ASIAI0B
Importing 'GUID: 1c29d75b38cc7904aa356d138857d40c - Path: Assets/Resources/BillingMode.json - Importer: ScriptedImporter/UnityEditor.QuickSearchModule:UnityEditor.Search:ASIAI0B' with importer (ScriptedImporter : UnityEditor.QuickSearchModule:UnityEditor.Search:ASIAI0B)
Imported 'GUID: 1c29d75b38cc7904aa356d138857d40c' -> (Import Result ID: '9c39f47afe7d857c53a036a35e4a495d') in 0.017 seconds [static and dynamic dependencies]. Details - ImportResultOutputID=6498b3e3f522f075912dbb04bc45073c DependenciesID=e370951d00a1dc063b41a7c67dbdd857 StaticDependenciesID=00bc8949cc8de3b6e55cf30087efc5e4 
Number of updated asset objects reloaded before import = 0
Number of asset objects unloaded after import = 1
========================================================================
Received Import Request.
  Time of request: 2026-09-13T12:49:47.5102376Z
  Time since last request: 0.0014337 seconds.
  importAddress: GUID: 699b33b09648b5641b12384ac691546d - Path: Packages/com.unity.collab-proxy/Editor/FindWorkspace.cs - Importer: ScriptedImporter/UnityEditor.QuickSearchModule:UnityEditor.Search:ASIAI0B
Importing 'GUID: 699b33b09648b5641b12384ac691546d - Path: Packages/com.unity.collab-proxy/Editor/FindWorkspace.cs - Importer: ScriptedImporter/UnityEditor.QuickSearchModule:UnityEditor.Search:ASIAI0B' with importer (ScriptedImporter : UnityEditor.QuickSearchModule:UnityEditor.Search:ASIAI0B)
Imported 'GUID: 699b33b09648b5641b12384ac691546d' -> (Import Result ID: '68c15ec19bd997b69717a89cc16287a5') in 0.030 seconds [static and dynamic dependencies]. Details - ImportResultOutputID=27754992a26a033aaff924723869b669 DependenciesID=3823a7904000ca1f6f704b6343c27e45 StaticDependenciesID=02de457f0462aedae4f2c08185ec9668 
Number of updated asset objects reloaded before import = 0
Number of asset objects unloaded after import = 0
========================================================================
Received Import Request.
  Time of request: 2026-09-13T12:49:47.5427454Z
  Time since last request: 0.0014907 seconds.
  importAddress: GUID: 47777d81697d65f45befb6ccd55b2324 - Path: Packages/com.unity.collab-proxy/CHANGELOG.md - Importer: ScriptedImporter/UnityEditor.QuickSearchModule:UnityEditor.Search:ASIAI0B
Importing 'GUID: 47777d81697d65f45befb6ccd55b2324 - Path: Packages/com.unity.collab-proxy/CHANGELOG.md - Importer: ScriptedImporter/UnityEditor.QuickSearchModule:UnityEditor.Search:ASIAI0B' with importer (ScriptedImporter : UnityEditor.QuickSearchModule:UnityEditor.Search:ASIAI0B)
Imported 'GUID: 47777d81697d65f45befb6ccd55b2324' -> (Import Result ID: '989e95472c9a79df43f813b8a58bffce') in 0.012 seconds [static and dynamic dependencies]. Details - ImportResultOutputID=0f42d766bebbf07ea686cf2b46e0d0d9 DependenciesID=0be312c9def51e176d3f2ef67895f87f StaticDependenciesID=21b1dd46b1c614aef94a54dfc52cf56e 
Number of updated asset objects reloaded before import = 0
Number of asset objects unloaded after import = 1
========================================================================
Received Import Request.
  Time of request: 2026-09-13T12:49:47.5570265Z
  Time since last request: 0.0015896 seconds.
  importAddress: GUID: 6629f1bb292b749a18b5fff7994c8b19 - Path: Packages/com.unity.collab-proxy/Editor/UVCSWindow.cs - Importer: ScriptedImporter/UnityEditor.QuickSearchModule:UnityEditor.Search:ASIAI0B
Importing 'GUID: 6629f1bb292b749a18b5fff7994c8b19 - Path: Packages/com.unity.collab-proxy/Editor/UVCSWindow.cs - Importer: ScriptedImporter/UnityEditor.QuickSearchModule:UnityEditor.Search:ASIAI0B' with importer (ScriptedImporter : UnityEditor.QuickSearchModule:UnityEditor.Search:ASIAI0B)
Imported 'GUID: 6629f1bb292b749a18b5fff7994c8b19' -> (Import Result ID: '46c3f51c494f88eebbba2b07afc39acd') in 0.023 seconds [static and dynamic dependencies]. Details - ImportResultOutputID=e21d0b8d23a64b98f06f64eece0b1a65 DependenciesID=bb9cd5d3f526ed572001fb1a4dfe4981 StaticDependenciesID=020707f41ebe6edfb8267c95da0cfdef 
Number of updated asset objects reloaded before import = 0
Number of asset objects unloaded after import = 0
========================================================================
Received Import Request.
  Time of request: 2026-09-13T12:49:47.5822396Z
  Time since last request: 0.0013978 seconds.
  importAddress: GUID: 83e93885de2840b5818ef68a76f7ebfc - Path: Packages/com.unity.collab-proxy/Editor/Api/UnityVersionControlApi.cs - Importer: ScriptedImporter/UnityEditor.QuickSearchModule:UnityEditor.Search:ASIAI0B
Importing 'GUID: 83e93885de2840b5818ef68a76f7ebfc - Path: Packages/com.unity.collab-proxy/Editor/Api/UnityVersionControlApi.cs - Importer: ScriptedImporter/UnityEditor.QuickSearchModule:UnityEditor.Search:ASIAI0B' with importer (ScriptedImporter : UnityEditor.QuickSearchModule:UnityEditor.Search:ASIAI0B)
Imported 'GUID: 83e93885de2840b5818ef68a76f7ebfc' -> (Import Result ID: '16c9db1ea8cd6ae7d8af0eadf6cee68a') in 0.017 seconds [static and dynamic dependencies]. Details - ImportResultOutputID=3cd8384bdcd949b3fdb2abbffb48b372 DependenciesID=1f74bfa73342e195fa1cc7c0a3f1659a StaticDependenciesID=d143d47d3a8e68c77dc2814623b1f8d5 
Number of updated asset objects reloaded before import = 0
Number of asset objects unloaded after import = 0
========================================================================
Received Import Request.
  Time of request: 2026-09-13T12:49:47.6013067Z
  Time since last request: 0.00096 seconds.
  importAddress: GUID: 9019d1f6d4a14cb49a269dbffb6ea011 - Path: Packages/com.unity.collab-proxy/Editor/UVCSConnectionMonitor.cs - Importer: ScriptedImporter/UnityEditor.QuickSearchModule:UnityEditor.Search:ASIAI0B
Importing 'GUID: 9019d1f6d4a14cb49a269dbffb6ea011 - Path: Packages/com.unity.collab-proxy/Editor/UVCSConnectionMonitor.cs - Importer: ScriptedImporter/UnityEditor.QuickSearchModule:UnityEditor.Search:ASIAI0B' with importer (ScriptedImporter : UnityEditor.QuickSearchModule:UnityEditor.Search:ASIAI0B)
Imported 'GUID: 9019d1f6d4a14cb49a269dbffb6ea011' -> (Import Result ID: '458c4a0009bf4e406628a700858a3443') in 0.014 seconds [static and dynamic dependencies]. Details - ImportResultOutputID=4804ab9534863bf43f8791fafea6d723 DependenciesID=ee78ccfa57fd519b19074b0374394d48 StaticDependenciesID=8a5e0b86abc0019d9bc7d1916431410f 
Number of updated asset objects reloaded before import = 0
Number of asset objects unloaded after import = 0
========================================================================
Received Import Request.
  Time of request: 2026-09-13T12:49:47.6172773Z
  Time since last request: 0.0015553 seconds.
  importAddress: GUID: d34814c3809c4b6a9d1514a2ec97f38b - Path: Packages/com.unity.collab-proxy/Editor/AppDomainHandler.cs - Importer: ScriptedImporter/UnityEditor.QuickSearchModule:UnityEditor.Search:ASIAI0B
Importing 'GUID: d34814c3809c4b6a9d1514a2ec97f38b - Path: Packages/com.unity.collab-proxy/Editor/AppDomainHandler.cs - Importer: ScriptedImporter/UnityEditor.QuickSearchModule:UnityEditor.Search:ASIAI0B' with importer (ScriptedImporter : UnityEditor.QuickSearchModule:UnityEditor.Search:ASIAI0B)
Imported 'GUID: d34814c3809c4b6a9d1514a2ec97f38b' -> (Import Result ID: '73cedd9ca12687a3b0e14933296a27a5') in 0.015 seconds [static and dynamic dependencies]. Details - ImportResultOutputID=4ae30f597ea2f0e8f5c05caa70847453 DependenciesID=cf76eea688998ab92e86ce0acb6a6373 StaticDependenciesID=097509558b07656faf046bc16554af60 
Number of updated asset objects reloaded before import = 0
Number of asset objects unloaded after import = 0
========================================================================
Received Import Request.
  Time of request: 2026-09-13T12:49:47.6372533Z
  Time since last request: 0.0042775 seconds.
  importAddress: GUID: c10740cd62ccaf54c8880da0a3f4d10f - Path: Packages/com.unity.collab-proxy/README.md - Importer: ScriptedImporter/UnityEditor.QuickSearchModule:UnityEditor.Search:ASIAI0B
Importing 'GUID: c10740cd62ccaf54c8880da0a3f4d10f - Path: Packages/com.unity.collab-proxy/README.md - Importer: ScriptedImporter/UnityEditor.QuickSearchModule:UnityEditor.Search:ASIAI0B' with importer (ScriptedImporter : UnityEditor.QuickSearchModule:UnityEditor.Search:ASIAI0B)
Imported 'GUID: c10740cd62ccaf54c8880da0a3f4d10f' -> (Import Result ID: '72e6ec74a1b9a786fb789f8b03e4607e') in 0.016 seconds [static and dynamic dependencies]. Details - ImportResultOutputID=43e61ae07977ec556e949025fcdc629d DependenciesID=1ff0244a11f5b0c189054b87c9fd3484 StaticDependenciesID=ae6bf2ac8010e34ee458a170ec6f819e 
Number of updated asset objects reloaded before import = 0
Number of asset objects unloaded after import = 1
========================================================================
Received Import Request.
  Time of request: 2026-09-13T12:49:47.6567356Z
  Time since last request: 0.0010152 seconds.
  importAddress: GUID: d50ac3212a7ff5a4795bf609a2a20350 - Path: Packages/com.unity.collab-proxy/Editor/AssemblyInfo.cs - Importer: ScriptedImporter/UnityEditor.QuickSearchModule:UnityEditor.Search:ASIAI0B
Importing 'GUID: d50ac3212a7ff5a4795bf609a2a20350 - Path: Packages/com.unity.collab-proxy/Editor/AssemblyInfo.cs - Importer: ScriptedImporter/UnityEditor.QuickSearchModule:UnityEditor.Search:ASIAI0B' with importer (ScriptedImporter : UnityEditor.QuickSearchModule:UnityEditor.Search:ASIAI0B)
Imported 'GUID: d50ac3212a7ff5a4795bf609a2a20350' -> (Import Result ID: 'e1adbd515bb12c9692f96b7b20c7b296') in 0.016 seconds [static and dynamic dependencies]. Details - ImportResultOutputID=c97ad14da5a2264c048c10ec8a3e0dc7 DependenciesID=c7f4ebb87c36764378f1f64cbb48c783 StaticDependenciesID=9819723338c69c2e242478e49b1f6052 
Number of updated asset objects reloaded before import = 0
Number of asset objects unloaded after import = 0
========================================================================
Received Import Request.
  Time of request: 2026-09-13T12:49:47.6751032Z
  Time since last request: 0.0011603 seconds.
  importAddress: GUID: f6aa8eca9e9e84840b73620eb177ea9e - Path: Packages/com.unity.collab-proxy/Editor/CheckWorkspaceTreeNodeStatus.cs - Importer: ScriptedImporter/UnityEditor.QuickSearchModule:UnityEditor.Search:ASIAI0B
Importing 'GUID: f6aa8eca9e9e84840b73620eb177ea9e - Path: Packages/com.unity.collab-proxy/Editor/CheckWorkspaceTreeNodeStatus.cs - Importer: ScriptedImporter/UnityEditor.QuickSearchModule:UnityEditor.Search:ASIAI0B' with importer (ScriptedImporter : UnityEditor.QuickSearchModule:UnityEditor.Search:ASIAI0B)
Imported 'GUID: f6aa8eca9e9e84840b73620eb177ea9e' -> (Import Result ID: '5b60e6abdc52eefafc5c408ec36dfccf') in 0.014 seconds [static and dynamic dependencies]. Details - ImportResultOutputID=d0c91192754e30ffdd98e4afc13ab3f6 DependenciesID=42be2b42525f8ba8eaaec96ed463edf9 StaticDependenciesID=fbae048621575cfb5c8f0a78a222ddeb 
Number of updated asset objects reloaded before import = 0
Number of asset objects unloaded after import = 0
========================================================================
Received Import Request.
  Time of request: 2026-09-13T12:49:47.6912737Z
  Time since last request: 0.0018898 seconds.
  importAddress: GUID: 0314dccd274f6d14b9aed2d661164330 - Path: Packages/com.unity.collab-proxy/Editor/TestingPreference.cs - Importer: ScriptedImporter/UnityEditor.QuickSearchModule:UnityEditor.Search:ASIAI0B
Importing 'GUID: 0314dccd274f6d14b9aed2d661164330 - Path: Packages/com.unity.collab-proxy/Editor/TestingPreference.cs - Importer: ScriptedImporter/UnityEditor.QuickSearchModule:UnityEditor.Search:ASIAI0B' with importer (ScriptedImporter : UnityEditor.QuickSearchModule:UnityEditor.Search:ASIAI0B)
Imported 'GUID: 0314dccd274f6d14b9aed2d661164330' -> (Import Result ID: '0c85260679939fedd8f85ebcd13b6897') in 0.016 seconds [static and dynamic dependencies]. Details - ImportResultOutputID=47e743bd423ff5f4b31d791961ae8b05 DependenciesID=b647a43380fcf5c7bf5d6ef7a9b59e1c StaticDependenciesID=bf00bd806d2603bff29f1579a5b216aa 
Number of updated asset objects reloaded before import = 0
Number of asset objects unloaded after import = 0
========================================================================
Received Import Request.
  Time of request: 2026-09-13T12:49:47.7088344Z
  Time since last request: 0.0010528 seconds.
  importAddress: GUID: 7aad121cec1867b4493b3b31bc5c8a26 - Path: Packages/com.unity.collab-proxy/Editor/VCSBuiltInPlugin.cs - Importer: ScriptedImporter/UnityEditor.QuickSearchModule:UnityEditor.Search:ASIAI0B
Importing 'GUID: 7aad121cec1867b4493b3b31bc5c8a26 - Path: Packages/com.unity.collab-proxy/Editor/VCSBuiltInPlugin.cs - Importer: ScriptedImporter/UnityEditor.QuickSearchModule:UnityEditor.Search:ASIAI0B' with importer (ScriptedImporter : UnityEditor.QuickSearchModule:UnityEditor.Search:ASIAI0B)
Imported 'GUID: 7aad121cec1867b4493b3b31bc5c8a26' -> (Import Result ID: '56d249f43255f1a93f2f677f07066c77') in 0.017 seconds [static and dynamic dependencies]. Details - ImportResultOutputID=cc72e95b1af057807c31b84329dd8cc8 DependenciesID=3a0649ff545b7aac2c3b9e91ad3cd15f StaticDependenciesID=f8df0afac026cee92a0a93a1d01fb627 
Number of updated asset objects reloaded before import = 0
Number of asset objects unloaded after import = 0
========================================================================
Received Import Request.
  Time of request: 2026-09-13T12:49:47.7274099Z
  Time since last request: 0.0010713 seconds.
  importAddress: GUID: b43c91410e1046b58c07a72471ccfd85 - Path: Packages/com.unity.collab-proxy/Editor/HierarchyExtensions.cs - Importer: ScriptedImporter/UnityEditor.QuickSearchModule:UnityEditor.Search:ASIAI0B
Importing 'GUID: b43c91410e1046b58c07a72471ccfd85 - Path: Packages/com.unity.collab-proxy/Editor/HierarchyExtensions.cs - Importer: ScriptedImporter/UnityEditor.QuickSearchModule:UnityEditor.Search:ASIAI0B' with importer (ScriptedImporter : UnityEditor.QuickSearchModule:UnityEditor.Search:ASIAI0B)
Imported 'GUID: b43c91410e1046b58c07a72471ccfd85' -> (Import Result ID: 'c167e0fde28afe568e8e0665d93f43a0') in 0.012 seconds [static and dynamic dependencies]. Details - ImportResultOutputID=87f3fd3ee58907c6006de90a25806c98 DependenciesID=13841d1778598be08e0e3d0cc7c136ca StaticDependenciesID=ff977def7dd39ba4b74963852fc7fad7 
Number of updated asset objects reloaded before import = 0
Number of asset objects unloaded after import = 0
========================================================================
Received Import Request.
  Time of request: 2026-09-13T12:49:47.7411889Z
  Time since last request: 0.0011633 seconds.
  importAddress: GUID: ce7f835ac461fd34e9317a05125276f0 - Path: Assets/Materials/floor.mat - Importer: ScriptedImporter/UnityEditor.QuickSearchModule:UnityEditor.Search:ASIAI0B
Importing 'GUID: ce7f835ac461fd34e9317a05125276f0 - Path: Assets/Materials/floor.mat - Importer: ScriptedImporter/UnityEditor.QuickSearchModule:UnityEditor.Search:ASIAI0B' with importer (ScriptedImporter : UnityEditor.QuickSearchModule:UnityEditor.Search:ASIAI0B)
Imported 'GUID: ce7f835ac461fd34e9317a05125276f0' -> (Import Result ID: '99cb121d3fe528b7f8fbcc7dbf8b72ba') in 0.231 seconds [static and dynamic dependencies]. Details - ImportResultOutputID=71c81db266b7476aefc60eaa059f8ffe DependenciesID=e7cac9cd54b3ef30af1fb17d585755a3 StaticDependenciesID=4afcc0814b09ebf6cdcabb62ef47a196 
Number of updated asset objects reloaded before import = 0
Number of asset objects unloaded after import = 1
========================================================================
Received Import Request.
  Time of request: 2026-09-13T12:49:47.973948Z
  Time since last request: 0.0008589 seconds.
  importAddress: GUID: 896223e567b01c747b4726ef429e31ea - Path: Packages/com.unity.collab-proxy/Editor/ViewSwitcher.cs - Importer: ScriptedImporter/UnityEditor.QuickSearchModule:UnityEditor.Search:ASIAI0B
Importing 'GUID: 896223e567b01c747b4726ef429e31ea - Path: Packages/com.unity.collab-proxy/Editor/ViewSwitcher.cs - Importer: ScriptedImporter/UnityEditor.QuickSearchModule:UnityEditor.Search:ASIAI0B' with importer (ScriptedImporter : UnityEditor.QuickSearchModule:UnityEditor.Search:ASIAI0B)
Imported 'GUID: 896223e567b01c747b4726ef429e31ea' -> (Import Result ID: '06c9cc05aa9d1d699e302890ef075310') in 0.013 seconds [static and dynamic dependencies]. Details - ImportResultOutputID=c80a4a51251449e261a30bf111929fba DependenciesID=cffff890efafded96ca5eb16fe07b1a3 StaticDependenciesID=8e91ef7c2540b721bc8d2111bcdff220 
Number of updated asset objects reloaded before import = 0
Number of asset objects unloaded after import = 0
========================================================================
Received Import Request.
  Time of request: 2026-09-13T12:49:47.9900843Z
  Time since last request: 0.0021178 seconds.
  importAddress: GUID: 2d63e236b259c9b4c8c5175cb624721f - Path: Packages/com.unity.collab-proxy/Editor/WaitForPendingOperations.cs - Importer: ScriptedImporter/UnityEditor.QuickSearchModule:UnityEditor.Search:ASIAI0B
Importing 'GUID: 2d63e236b259c9b4c8c5175cb624721f - Path: Packages/com.unity.collab-proxy/Editor/WaitForPendingOperations.cs - Importer: ScriptedImporter/UnityEditor.QuickSearchModule:UnityEditor.Search:ASIAI0B' with importer (ScriptedImporter : UnityEditor.QuickSearchModule:UnityEditor.Search:ASIAI0B)
Imported 'GUID: 2d63e236b259c9b4c8c5175cb624721f' -> (Import Result ID: 'e3a74ed8b12adff3e6ff08713cd0ab95') in 0.014 seconds [static and dynamic dependencies]. Details - ImportResultOutputID=e3865b76012a98dc3fd865ea9f212ebe DependenciesID=0fc1bd65dfec208e69360549281e64c6 StaticDependenciesID=4ea050820ea762e7b8947f641c769efd 
Number of updated asset objects reloaded before import = 0
Number of asset objects unloaded after import = 0
========================================================================
Received Import Request.
  Time of request: 2026-09-13T12:49:48.0051737Z
  Time since last request: 0.000869 seconds.
  importAddress: GUID: addeb37e40c540f7be592c1e8198b190 - Path: Packages/com.unity.collab-proxy/Editor/SideBarTreeView.cs - Importer: ScriptedImporter/UnityEditor.QuickSearchModule:UnityEditor.Search:ASIAI0B
Importing 'GUID: addeb37e40c540f7be592c1e8198b190 - Path: Packages/com.unity.collab-proxy/Editor/SideBarTreeView.cs - Importer: ScriptedImporter/UnityEditor.QuickSearchModule:UnityEditor.Search:ASIAI0B' with importer (ScriptedImporter : UnityEditor.QuickSearchModule:UnityEditor.Search:ASIAI0B)
Imported 'GUID: addeb37e40c540f7be592c1e8198b190' -> (Import Result ID: '269caf8c4553e2a8891d7a7161759c60') in 0.012 seconds [static and dynamic dependencies]. Details - ImportResultOutputID=c6aa0c92d44800438d387fcf6e4ef764 DependenciesID=46fb91967da5fc63129aa8d57e8dd31f StaticDependenciesID=b09006f76725497af6a097dc0c868458 
Number of updated asset objects reloaded before import = 0
Number of asset objects unloaded after import = 0
========================================================================
Received Import Request.
  Time of request: 2026-09-13T12:49:48.0209354Z
  Time since last request: 0.0008883 seconds.
  importAddress: GUID: 861c52e49f0f474caaeb9f2254cecea3 - Path: Packages/com.unity.collab-proxy/Editor/UnityPlasticDllVersion.cs - Importer: ScriptedImporter/UnityEditor.QuickSearchModule:UnityEditor.Search:ASIAI0B
Importing 'GUID: 861c52e49f0f474caaeb9f2254cecea3 - Path: Packages/com.unity.collab-proxy/Editor/UnityPlasticDllVersion.cs - Importer: ScriptedImporter/UnityEditor.QuickSearchModule:UnityEditor.Search:ASIAI0B' with importer (ScriptedImporter : UnityEditor.QuickSearchModule:UnityEditor.Search:ASIAI0B)
Imported 'GUID: 861c52e49f0f474caaeb9f2254cecea3' -> (Import Result ID: 'cdb3e732f392a5a35728785e9f6b3fcb') in 0.016 seconds [static and dynamic dependencies]. Details - ImportResultOutputID=f70199ca597a64715ff7e078875ac11a DependenciesID=9c955d8ba5bcdebd1a53ac0de3fa1c97 StaticDependenciesID=0285d47a89df275012c8b4acb934025e 
Number of updated asset objects reloaded before import = 0
Number of asset objects unloaded after import = 0
========================================================================
Received Import Request.
  Time of request: 2026-09-13T12:49:48.03934Z
  Time since last request: 0.0016059 seconds.
  importAddress: GUID: 4b84427fd7ace4b4cb623ef8a46124ed - Path: Packages/com.unity.collab-proxy/Editor/Unity.PlasticSCM.Editor.asmdef - Importer: ScriptedImporter/UnityEditor.QuickSearchModule:UnityEditor.Search:ASIAI0B
Importing 'GUID: 4b84427fd7ace4b4cb623ef8a46124ed - Path: Packages/com.unity.collab-proxy/Editor/Unity.PlasticSCM.Editor.asmdef - Importer: ScriptedImporter/UnityEditor.QuickSearchModule:UnityEditor.Search:ASIAI0B' with importer (ScriptedImporter : UnityEditor.QuickSearchModule:UnityEditor.Search:ASIAI0B)
Imported 'GUID: 4b84427fd7ace4b4cb623ef8a46124ed' -> (Import Result ID: 'c57e07127c768c63f8d9bb73f33c1988') in 0.021 seconds [static and dynamic dependencies]. Details - ImportResultOutputID=1481d602c8997eb6212accd97658c247 DependenciesID=f362468d533a9d8bca7eb0ef553b644f StaticDependenciesID=c1abb544fdbb4cd22ff991e40e19f207 
Number of updated asset objects reloaded before import = 0
Number of asset objects unloaded after import = 1
========================================================================
Received Import Request.
  Time of request: 2026-09-13T12:49:48.0625998Z
  Time since last request: 0.0017151 seconds.
  importAddress: GUID: 1dc96db8ece508c4696f7e89c2cd11e3 - Path: Packages/com.unity.collab-proxy/Editor/UnityConfigurationChecker.cs - Importer: ScriptedImporter/UnityEditor.QuickSearchModule:UnityEditor.Search:ASIAI0B
Importing 'GUID: 1dc96db8ece508c4696f7e89c2cd11e3 - Path: Packages/com.unity.collab-proxy/Editor/UnityConfigurationChecker.cs - Importer: ScriptedImporter/UnityEditor.QuickSearchModule:UnityEditor.Search:ASIAI0B' with importer (ScriptedImporter : UnityEditor.QuickSearchModule:UnityEditor.Search:ASIAI0B)
Imported 'GUID: 1dc96db8ece508c4696f7e89c2cd11e3' -> (Import Result ID: 'bac5a2144912915c280b6584ae97e324') in 0.018 seconds [static and dynamic dependencies]. Details - ImportResultOutputID=e3038ed61214e1e37e427edbe10b4af8 DependenciesID=d57762cf700ce80a6a5a66ac8c2f4283 StaticDependenciesID=f3e422fc316ab0588951e1c9aa55cd81 
Number of updated asset objects reloaded before import = 0
Number of asset objects unloaded after import = 0
========================================================================
Received Import Request.
  Time of request: 2026-09-13T12:49:48.0828274Z
  Time since last request: 0.0014555 seconds.
  importAddress: GUID: 8e956137d866cfc4797b1830930ed57e - Path: Packages/com.unity.collab-proxy/Editor/ExternalLink.cs - Importer: ScriptedImporter/UnityEditor.QuickSearchModule:UnityEditor.Search:ASIAI0B
Importing 'GUID: 8e956137d866cfc4797b1830930ed57e - Path: Packages/com.unity.collab-proxy/Editor/ExternalLink.cs - Importer: ScriptedImporter/UnityEditor.QuickSearchModule:UnityEditor.Search:ASIAI0B' with importer (ScriptedImporter : UnityEditor.QuickSearchModule:UnityEditor.Search:ASIAI0B)
Imported 'GUID: 8e956137d866cfc4797b1830930ed57e' -> (Import Result ID: 'd55a2bac81a41f0555ece47847f6ebcd') in 0.012 seconds [static and dynamic dependencies]. Details - ImportResultOutputID=491b6920061f2140563c516aa3585258 DependenciesID=e7104ecf0cabc36184833a430b0fc921 StaticDependenciesID=5e7a068674daa0e2ab9420060ea2e5b0 
Number of updated asset objects reloaded before import = 0
Number of asset objects unloaded after import = 0
========================================================================
Received Import Request.
  Time of request: 2026-09-13T12:49:48.0964008Z
  Time since last request: 0.0014171 seconds.
  importAddress: GUID: 50503d5b64dbddc48a0bcba68901b3d6 - Path: Packages/com.unity.collab-proxy/Editor/ApplicationDataPath.cs - Importer: ScriptedImporter/UnityEditor.QuickSearchModule:UnityEditor.Search:ASIAI0B
Importing 'GUID: 50503d5b64dbddc48a0bcba68901b3d6 - Path: Packages/com.unity.collab-proxy/Editor/ApplicationDataPath.cs - Importer: ScriptedImporter/UnityEditor.QuickSearchModule:UnityEditor.Search:ASIAI0B' with importer (ScriptedImporter : UnityEditor.QuickSearchModule:UnityEditor.Search:ASIAI0B)
Imported 'GUID: 50503d5b64dbddc48a0bcba68901b3d6' -> (Import Result ID: 'd5daa0ca7c4df1009b7fe69cac4386e1') in 0.012 seconds [static and dynamic dependencies]. Details - ImportResultOutputID=710cdf05e18251429b13e28e72a94478 DependenciesID=e40746ec51c5400d53935fb056df6043 StaticDependenciesID=8ad29d9370bf17d6c699df2a1e43d702 
Number of updated asset objects reloaded before import = 0
Number of asset objects unloaded after import = 0
========================================================================
Received Import Request.
  Time of request: 2026-09-13T12:49:48.1102956Z
  Time since last request: 0.0011124 seconds.
  importAddress: GUID: c456fa791a741a045a8a99ee73af2ae6 - Path: Packages/com.unity.collab-proxy/Editor/AssetMenu/AssetMenuOperations.cs - Importer: ScriptedImporter/UnityEditor.QuickSearchModule:UnityEditor.Search:ASIAI0B
Importing 'GUID: c456fa791a741a045a8a99ee73af2ae6 - Path: Packages/com.unity.collab-proxy/Editor/AssetMenu/AssetMenuOperations.cs - Importer: ScriptedImporter/UnityEditor.QuickSearchModule:UnityEditor.Search:ASIAI0B' with importer (ScriptedImporter : UnityEditor.QuickSearchModule:UnityEditor.Search:ASIAI0B)
Imported 'GUID: c456fa791a741a045a8a99ee73af2ae6' -> (Import Result ID: 'f8bec381c2d0fed88c96374ca7065e07') in 0.018 seconds [static and dynamic dependencies]. Details - ImportResultOutputID=be66109ac0ba96953f7ae25a7e43e129 DependenciesID=db080d88b3d0407755cead3e0e9c7acf StaticDependenciesID=de8606fb55dc15cbdffdf091c87eb502 
Number of updated asset objects reloaded before import = 0
Number of asset objects unloaded after import = 0
========================================================================
Received Import Request.
  Time of request: 2026-09-13T12:49:48.1303777Z
  Time since last request: 0.0011834 seconds.
  importAddress: GUID: f032fd1e0068a2642abd4fe8e1fd4241 - Path: Packages/com.unity.collab-proxy/Editor/EnumExtensions.cs - Importer: ScriptedImporter/UnityEditor.QuickSearchModule:UnityEditor.Search:ASIAI0B
Importing 'GUID: f032fd1e0068a2642abd4fe8e1fd4241 - Path: Packages/com.unity.collab-proxy/Editor/EnumExtensions.cs - Importer: ScriptedImporter/UnityEditor.QuickSearchModule:UnityEditor.Search:ASIAI0B' with importer (ScriptedImporter : UnityEditor.QuickSearchModule:UnityEditor.Search:ASIAI0B)
Imported 'GUID: f032fd1e0068a2642abd4fe8e1fd4241' -> (Import Result ID: 'e3254548cb5616ad8d178befbf563cb1') in 0.017 seconds [static and dynamic dependencies]. Details - ImportResultOutputID=0de6c0fe4ee599c310c52f441869fc48 DependenciesID=a4bfc311ebd3d0c082e24d11b94096bb StaticDependenciesID=d46fd70088a03c0fa0774b5d9be56549 
Number of updated asset objects reloaded before import = 0
Number of asset objects unloaded after import = 0
========================================================================
Received Import Request.
  Time of request: 2026-09-13T12:49:48.1507218Z
  Time since last request: 0.0015286 seconds.
  importAddress: GUID: 8c0d4be4ea44a684d957cde781ecb6cc - Path: Packages/com.unity.collab-proxy/Editor/MetaPath.cs - Importer: ScriptedImporter/UnityEditor.QuickSearchModule:UnityEditor.Search:ASIAI0B
Importing 'GUID: 8c0d4be4ea44a684d957cde781ecb6cc - Path: Packages/com.unity.collab-proxy/Editor/MetaPath.cs - Importer: ScriptedImporter/UnityEditor.QuickSearchModule:UnityEditor.Search:ASIAI0B' with importer (ScriptedImporter : UnityEditor.QuickSearchModule:UnityEditor.Search:ASIAI0B)
Imported 'GUID: 8c0d4be4ea44a684d957cde781ecb6cc' -> (Import Result ID: '360356e7aa588152a6d929e64f3899e2') in 0.010 seconds [static and dynamic dependencies]. Details - ImportResultOutputID=a3c2ee68b6d748cc808f2cc24bdaf47e DependenciesID=ce4ededd2b0533326d3381d94c920ad1 StaticDependenciesID=47987375e2986003bba2ccbba53e82dc 
Number of updated asset objects reloaded before import = 0
Number of asset objects unloaded after import = 0
========================================================================
Received Import Request.
  Time of request: 2026-09-13T12:49:48.1631331Z
  Time since last request: 0.001253 seconds.
  importAddress: GUID: 14c7ad7d838cc1d4691f5d9ca504f0ac - Path: Packages/com.unity.collab-proxy/Editor/DrawGuiModeSwitcher.cs - Importer: ScriptedImporter/UnityEditor.QuickSearchModule:UnityEditor.Search:ASIAI0B
Importing 'GUID: 14c7ad7d838cc1d4691f5d9ca504f0ac - Path: Packages/com.unity.collab-proxy/Editor/DrawGuiModeSwitcher.cs - Importer: ScriptedImporter/UnityEditor.QuickSearchModule:UnityEditor.Search:ASIAI0B' with importer (ScriptedImporter : UnityEditor.QuickSearchModule:UnityEditor.Search:ASIAI0B)
Imported 'GUID: 14c7ad7d838cc1d4691f5d9ca504f0ac' -> (Import Result ID: '685fcb741cf1c73cee0319d4a601e36e') in 0.027 seconds [static and dynamic dependencies]. Details - ImportResultOutputID=2c3abbeb4d23cf8eabbea6087c60cfd8 DependenciesID=82a7917cf3ba0d244ca50e48deb6dbbf StaticDependenciesID=83453def2fc29b72b50a2b3003df4561 
Number of updated asset objects reloaded before import = 0
Number of asset objects unloaded after import = 0
========================================================================
Received Import Request.
  Time of request: 2026-09-13T12:49:48.1922073Z
  Time since last request: 0.0010826 seconds.
  importAddress: GUID: a840d4787ba856c4dbaf61207189b00c - Path: Packages/com.unity.collab-proxy/Editor/AutoRefresh.cs - Importer: ScriptedImporter/UnityEditor.QuickSearchModule:UnityEditor.Search:ASIAI0B
Importing 'GUID: a840d4787ba856c4dbaf61207189b00c - Path: Packages/com.unity.collab-proxy/Editor/AutoRefresh.cs - Importer: ScriptedImporter/UnityEditor.QuickSearchModule:UnityEditor.Search:ASIAI0B' with importer (ScriptedImporter : UnityEditor.QuickSearchModule:UnityEditor.Search:ASIAI0B)
Imported 'GUID: a840d4787ba856c4dbaf61207189b00c' -> (Import Result ID: 'ea84d61853da5a9e91fbdda1cbc06a95') in 0.011 seconds [static and dynamic dependencies]. Details - ImportResultOutputID=de34935dc0c0c97bbdcc837cb53af838 DependenciesID=74b840a2e08a4e93abc6b8bc2c8480fa StaticDependenciesID=280c9f45c41f2fc2f7a6a1077909975e 
Number of updated asset objects reloaded before import = 0
Number of asset objects unloaded after import = 0
========================================================================
Received Import Request.
  Time of request: 2026-09-13T12:49:48.2053425Z
  Time since last request: 0.0012637 seconds.
  importAddress: GUID: 4d56de0c1ce671a4bb95fe9b9abe4fa5 - Path: Packages/com.unity.collab-proxy/Editor/PackageEntryPoint.cs - Importer: ScriptedImporter/UnityEditor.QuickSearchModule:UnityEditor.Search:ASIAI0B
Importing 'GUID: 4d56de0c1ce671a4bb95fe9b9abe4fa5 - Path: Packages/com.unity.collab-proxy/Editor/PackageEntryPoint.cs - Importer: ScriptedImporter/UnityEditor.QuickSearchModule:UnityEditor.Search:ASIAI0B' with importer (ScriptedImporter : UnityEditor.QuickSearchModule:UnityEditor.Search:ASIAI0B)
Imported 'GUID: 4d56de0c1ce671a4bb95fe9b9abe4fa5' -> (Import Result ID: '0cae42a2e867e071ff284e8db90910c1') in 0.013 seconds [static and dynamic dependencies]. Details - ImportResultOutputID=dca4cb3284ec22004a6fea38772880be DependenciesID=cf9811224e8d6a377e08d2d7269a5749 StaticDependenciesID=25c1e61264275d99c7d51e57bd480995 
Number of updated asset objects reloaded before import = 0
Number of asset objects unloaded after import = 0
========================================================================
Received Import Request.
  Time of request: 2026-09-13T12:49:48.220838Z
  Time since last request: 0.0020768 seconds.
  importAddress: GUID: f32f865aa8b3e3341be18107db54b5cb - Path: Packages/com.unity.collab-proxy/Editor/UVCSToolbarButtonIsShownPreference.cs - Importer: ScriptedImporter/UnityEditor.QuickSearchModule:UnityEditor.Search:ASIAI0B
Importing 'GUID: f32f865aa8b3e3341be18107db54b5cb - Path: Packages/com.unity.collab-proxy/Editor/UVCSToolbarButtonIsShownPreference.cs - Importer: ScriptedImporter/UnityEditor.QuickSearchModule:UnityEditor.Search:ASIAI0B' with importer (ScriptedImporter : UnityEditor.QuickSearchModule:UnityEditor.Search:ASIAI0B)
Imported 'GUID: f32f865aa8b3e3341be18107db54b5cb' -> (Import Result ID: '9ce7cb354ce00c7fd422654ef06c866d') in 0.016 seconds [static and dynamic dependencies]. Details - ImportResultOutputID=f91fadee55f0324205723f2961773dae DependenciesID=0d782f9cf0729e9717267f16095b3bf6 StaticDependenciesID=9d56729fdab33d016a33422831fd22d1 
Number of updated asset objects reloaded before import = 0
Number of asset objects unloaded after import = 0
========================================================================
Received Import Request.
  Time of request: 2026-09-13T12:49:48.2392582Z
  Time since last request: 0.0016887 seconds.
  importAddress: GUID: b4eb3fe08d1dc86419dee5ddcc40baae - Path: Packages/com.unity.collab-proxy/Editor/AssetMenu/AssetFilesFilterPatternsMenuBuilder.cs - Importer: ScriptedImporter/UnityEditor.QuickSearchModule:UnityEditor.Search:ASIAI0B
Importing 'GUID: b4eb3fe08d1dc86419dee5ddcc40baae - Path: Packages/com.unity.collab-proxy/Editor/AssetMenu/AssetFilesFilterPatternsMenuBuilder.cs - Importer: ScriptedImporter/UnityEditor.QuickSearchModule:UnityEditor.Search:ASIAI0B' with importer (ScriptedImporter : UnityEditor.QuickSearchModule:UnityEditor.Search:ASIAI0B)
Imported 'GUID: b4eb3fe08d1dc86419dee5ddcc40baae' -> (Import Result ID: '0d99464b954ede1c270b5110ab51e718') in 0.013 seconds [static and dynamic dependencies]. Details - ImportResultOutputID=23dabd5f6ca6acc92cc4aa6da06f3af5 DependenciesID=03cd3c6e0ef2c6116776c135381073d6 StaticDependenciesID=10bfb760910f14fb90deb33d158ee2ee 
Number of updated asset objects reloaded before import = 0
Number of asset objects unloaded after import = 0
========================================================================
Received Import Request.
  Time of request: 2026-09-13T12:49:48.2542957Z
  Time since last request: 0.0013661 seconds.
  importAddress: GUID: 06527df79395b4dcc9e013234ed80bad - Path: Packages/com.unity.collab-proxy/Editor/Api/UnityVersionControlUiApi.cs - Importer: ScriptedImporter/UnityEditor.QuickSearchModule:UnityEditor.Search:ASIAI0B
Importing 'GUID: 06527df79395b4dcc9e013234ed80bad - Path: Packages/com.unity.collab-proxy/Editor/Api/UnityVersionControlUiApi.cs - Importer: ScriptedImporter/UnityEditor.QuickSearchModule:UnityEditor.Search:ASIAI0B' with importer (ScriptedImporter : UnityEditor.QuickSearchModule:UnityEditor.Search:ASIAI0B)
Imported 'GUID: 06527df79395b4dcc9e013234ed80bad' -> (Import Result ID: 'f71ad3890558cbfed00d7c83db5069be') in 0.015 seconds [static and dynamic dependencies]. Details - ImportResultOutputID=ac2cabed0df49d45056a9556002390d5 DependenciesID=16a68201cfb59bc53ae5b889f5496a93 StaticDependenciesID=01b88b0609898879f06bd0dafbeeb91d 
Number of updated asset objects reloaded before import = 0
Number of asset objects unloaded after import = 0
========================================================================
Received Import Request.
  Time of request: 2026-09-13T12:49:48.2710907Z
  Time since last request: 0.0006506 seconds.
  importAddress: GUID: cf7c1a153f50c6548bfff5dfd2ef5dff - Path: Packages/com.unity.collab-proxy/Editor/SwitchModeConfirmationDialog.cs - Importer: ScriptedImporter/UnityEditor.QuickSearchModule:UnityEditor.Search:ASIAI0B
Importing 'GUID: cf7c1a153f50c6548bfff5dfd2ef5dff - Path: Packages/com.unity.collab-proxy/Editor/SwitchModeConfirmationDialog.cs - Importer: ScriptedImporter/UnityEditor.QuickSearchModule:UnityEditor.Search:ASIAI0B' with importer (ScriptedImporter : UnityEditor.QuickSearchModule:UnityEditor.Search:ASIAI0B)
Imported 'GUID: cf7c1a153f50c6548bfff5dfd2ef5dff' -> (Import Result ID: 'b1333fa22ce16747c98be1673ce2a536') in 0.016 seconds [static and dynamic dependencies]. Details - ImportResultOutputID=260d159d4973829aed90aadb97905677 DependenciesID=b35d409f0d79ae8da2f5a4e42c5fd286 StaticDependenciesID=7e1f94b6a77efd598bf113c5226ed539 
Number of updated asset objects reloaded before import = 0
Number of asset objects unloaded after import = 0
========================================================================
Received Import Request.
  Time of request: 2026-09-13T12:49:48.2896545Z
  Time since last request: 0.0000667 seconds.
  importAddress: GUID: e8b13064517f28443ac41883eb559c8f - Path: Packages/com.unity.collab-proxy/Editor/BuildGetEventExtraInfoFunction.cs - Importer: ScriptedImporter/UnityEditor.QuickSearchModule:UnityEditor.Search:ASIAI0B
Importing 'GUID: e8b13064517f28443ac41883eb559c8f - Path: Packages/com.unity.collab-proxy/Editor/BuildGetEventExtraInfoFunction.cs - Importer: ScriptedImporter/UnityEditor.QuickSearchModule:UnityEditor.Search:ASIAI0B' with importer (ScriptedImporter : UnityEditor.QuickSearchModule:UnityEditor.Search:ASIAI0B)
Imported 'GUID: e8b13064517f28443ac41883eb559c8f' -> (Import Result ID: '604808489dbceaf155869c7caac10e7e') in 0.012 seconds [static and dynamic dependencies]. Details - ImportResultOutputID=a206c2e3883f30530b03ed056c95bdfc DependenciesID=f5e7b95739371668857db501accfe490 StaticDependenciesID=db75e45585abbf2d876747fc8883f93d 
Number of updated asset objects reloaded before import = 0
Number of asset objects unloaded after import = 0
========================================================================
Received Import Request.
  Time of request: 2026-09-13T12:49:48.3050617Z
  Time since last request: 0.0015176 seconds.
  importAddress: GUID: d2a9f8ad3405465db8e62d36f2686b68 - Path: Packages/com.unity.collab-proxy/Editor/AssetMenu/AssetCopyPathOperation.cs - Importer: ScriptedImporter/UnityEditor.QuickSearchModule:UnityEditor.Search:ASIAI0B
Importing 'GUID: d2a9f8ad3405465db8e62d36f2686b68 - Path: Packages/com.unity.collab-proxy/Editor/AssetMenu/AssetCopyPathOperation.cs - Importer: ScriptedImporter/UnityEditor.QuickSearchModule:UnityEditor.Search:ASIAI0B' with importer (ScriptedImporter : UnityEditor.QuickSearchModule:UnityEditor.Search:ASIAI0B)
Imported 'GUID: d2a9f8ad3405465db8e62d36f2686b68' -> (Import Result ID: '7ec48637f3ca0a8395b36cefd8eec92f') in 0.015 seconds [static and dynamic dependencies]. Details - ImportResultOutputID=e080c9aeb55d6c20613f5ae0fc910411 DependenciesID=683d4bff6fa4214f857beb31a2290bee StaticDependenciesID=1f54ffb4429753413aeda325eecc13fa 
Number of updated asset objects reloaded before import = 0
Number of asset objects unloaded after import = 0
========================================================================
Received Import Request.
  Time of request: 2026-09-13T12:49:48.3222232Z
  Time since last request: 0.0011253 seconds.
  importAddress: GUID: 608f66b5adac272459273ddaf3e4db5d - Path: Packages/com.unity.collab-proxy/Editor/PlasticApp.cs - Importer: ScriptedImporter/UnityEditor.QuickSearchModule:UnityEditor.Search:ASIAI0B
Importing 'GUID: 608f66b5adac272459273ddaf3e4db5d - Path: Packages/com.unity.collab-proxy/Editor/PlasticApp.cs - Importer: ScriptedImporter/UnityEditor.QuickSearchModule:UnityEditor.Search:ASIAI0B' with importer (ScriptedImporter : UnityEditor.QuickSearchModule:UnityEditor.Search:ASIAI0B)
Imported 'GUID: 608f66b5adac272459273ddaf3e4db5d' -> (Import Result ID: '1cc118615de2227495adeefabb52243e') in 0.012 seconds [static and dynamic dependencies]. Details - ImportResultOutputID=c6801dc86a307cc7c9ce8ffb82764f12 DependenciesID=71ff652aa333b6ef272df8230ec600a3 StaticDependenciesID=9c0d343f78d85fceaf667ce01ec56209 
Number of updated asset objects reloaded before import = 0
Number of asset objects unloaded after import = 0
========================================================================
Received Import Request.
  Time of request: 2026-09-13T12:49:48.3436395Z
  Time since last request: 0.0072329 seconds.
  importAddress: GUID: 9bff32140d1498a4a9f6f18b09e8959c - Path: Packages/com.unity.collab-proxy/Third Party Notices.md - Importer: ScriptedImporter/UnityEditor.QuickSearchModule:UnityEditor.Search:ASIAI0B
Importing 'GUID: 9bff32140d1498a4a9f6f18b09e8959c - Path: Packages/com.unity.collab-proxy/Third Party Notices.md - Importer: ScriptedImporter/UnityEditor.QuickSearchModule:UnityEditor.Search:ASIAI0B' with importer (ScriptedImporter : UnityEditor.QuickSearchModule:UnityEditor.Search:ASIAI0B)
Imported 'GUID: 9bff32140d1498a4a9f6f18b09e8959c' -> (Import Result ID: 'c46edd2221ca15ca916fa136db621492') in 0.018 seconds [static and dynamic dependencies]. Details - ImportResultOutputID=d8de046fd98dcee6481feee69b199250 DependenciesID=bd4782c2796fd243d717fff29423ef29 StaticDependenciesID=0966d2e93991d1b62c7de642c532fdff 
Number of updated asset objects reloaded before import = 0
Number of asset objects unloaded after import = 1
========================================================================
Received Import Request.
  Time of request: 2026-09-13T12:49:48.364193Z
  Time since last request: 0.0014111 seconds.
  importAddress: GUID: e9e00039daba468c8a0dbcffa3506c1d - Path: Packages/com.unity.collab-proxy/Editor/VisualElementExtensions.cs - Importer: ScriptedImporter/UnityEditor.QuickSearchModule:UnityEditor.Search:ASIAI0B
Importing 'GUID: e9e00039daba468c8a0dbcffa3506c1d - Path: Packages/com.unity.collab-proxy/Editor/VisualElementExtensions.cs - Importer: ScriptedImporter/UnityEditor.QuickSearchModule:UnityEditor.Search:ASIAI0B' with importer (ScriptedImporter : UnityEditor.QuickSearchModule:UnityEditor.Search:ASIAI0B)
Imported 'GUID: e9e00039daba468c8a0dbcffa3506c1d' -> (Import Result ID: 'd6808b899d33f90fa9e8a770b7ad564c') in 0.016 seconds [static and dynamic dependencies]. Details - ImportResultOutputID=037cf3fc9e46c5f0198813f71be1c6cb DependenciesID=6091920816efb411919e7d08478b74f9 StaticDependenciesID=12f778264f03385b52a906005708fe73 
Number of updated asset objects reloaded before import = 0
Number of asset objects unloaded after import = 0
========================================================================
Received Import Request.
  Time of request: 2026-09-13T12:49:48.3824687Z
  Time since last request: 0.0015958 seconds.
  importAddress: GUID: 743fda8c4b219c8429fb5a77ede1c879 - Path: Packages/com.unity.collab-proxy/package.json - Importer: ScriptedImporter/UnityEditor.QuickSearchModule:UnityEditor.Search:ASIAI0B
Importing 'GUID: 743fda8c4b219c8429fb5a77ede1c879 - Path: Packages/com.unity.collab-proxy/package.json - Importer: ScriptedImporter/UnityEditor.QuickSearchModule:UnityEditor.Search:ASIAI0B' with importer (ScriptedImporter : UnityEditor.QuickSearchModule:UnityEditor.Search:ASIAI0B)
Imported 'GUID: 743fda8c4b219c8429fb5a77ede1c879' -> (Import Result ID: 'f5cf37b06c250dad438dfeeed8c59fdb') in 0.035 seconds [static and dynamic dependencies]. Details - ImportResultOutputID=f2afe22cdb952b1f822217cfd2c0fcd3 DependenciesID=b05b2c788df46ea41ebef2be542b8597 StaticDependenciesID=1bc0dd65bfcdce4908a5154fb8e8f943 
Number of updated asset objects reloaded before import = 0
Number of asset objects unloaded after import = 1
========================================================================
Received Import Request.
  Time of request: 2026-09-13T12:49:48.4203176Z
  Time since last request: 0.0022514 seconds.
  importAddress: GUID: cb3c9f5ba9ced5e4b99de1b3dbd68d09 - Path: Packages/com.unity.collab-proxy/ValidationConfig.json - Importer: ScriptedImporter/UnityEditor.QuickSearchModule:UnityEditor.Search:ASIAI0B
Importing 'GUID: cb3c9f5ba9ced5e4b99de1b3dbd68d09 - Path: Packages/com.unity.collab-proxy/ValidationConfig.json - Importer: ScriptedImporter/UnityEditor.QuickSearchModule:UnityEditor.Search:ASIAI0B' with importer (ScriptedImporter : UnityEditor.QuickSearchModule:UnityEditor.Search:ASIAI0B)
Imported 'GUID: cb3c9f5ba9ced5e4b99de1b3dbd68d09' -> (Import Result ID: 'e02300c7286caeb16eca70b250417197') in 0.019 seconds [static and dynamic dependencies]. Details - ImportResultOutputID=b0f0ee0745b85921dca917ac336095af DependenciesID=cc1488e247378cf175afd6deaaff1d9f StaticDependenciesID=51cf7ae5256ab45b022a8586826e4964 
Number of updated asset objects reloaded before import = 0
Number of asset objects unloaded after import = 1
========================================================================
Received Import Request.
  Time of request: 2026-09-13T12:49:48.4412795Z
  Time since last request: 0.0009959 seconds.
  importAddress: GUID: 40771e457c113c441b7ec6c975584675 - Path: Packages/com.unity.collab-proxy/Editor/PackageInfo.cs - Importer: ScriptedImporter/UnityEditor.QuickSearchModule:UnityEditor.Search:ASIAI0B
Importing 'GUID: 40771e457c113c441b7ec6c975584675 - Path: Packages/com.unity.collab-proxy/Editor/PackageInfo.cs - Importer: ScriptedImporter/UnityEditor.QuickSearchModule:UnityEditor.Search:ASIAI0B' with importer (ScriptedImporter : UnityEditor.QuickSearchModule:UnityEditor.Search:ASIAI0B)
Imported 'GUID: 40771e457c113c441b7ec6c975584675' -> (Import Result ID: 'e7d766ce7e7b26a0e2d74d3ec3d372a6') in 0.014 seconds [static and dynamic dependencies]. Details - ImportResultOutputID=533ca6ec3335aff5080c3b34ff6dd7a5 DependenciesID=50247302f81727a6957f63a99d5fc698 StaticDependenciesID=0a9c86ddf68236c3d5378a60ee5114ab 
Number of updated asset objects reloaded before import = 0
Number of asset objects unloaded after import = 0
========================================================================
Received Import Request.
  Time of request: 2026-09-13T12:49:48.4576831Z
  Time since last request: 0.0019425 seconds.
  importAddress: GUID: aebdb56b44622b2468b014e27e5e28e5 - Path: Packages/com.unity.collab-proxy/Editor/UVCSPlugin.cs - Importer: ScriptedImporter/UnityEditor.QuickSearchModule:UnityEditor.Search:ASIAI0B
Importing 'GUID: aebdb56b44622b2468b014e27e5e28e5 - Path: Packages/com.unity.collab-proxy/Editor/UVCSPlugin.cs - Importer: ScriptedImporter/UnityEditor.QuickSearchModule:UnityEditor.Search:ASIAI0B' with importer (ScriptedImporter : UnityEditor.QuickSearchModule:UnityEditor.Search:ASIAI0B)
Imported 'GUID: aebdb56b44622b2468b014e27e5e28e5' -> (Import Result ID: 'f1d1d861d5d48204a1458e2b5debbf8f') in 0.029 seconds [static and dynamic dependencies]. Details - ImportResultOutputID=50e96e8e2188ba0b0190628bfad45c8b DependenciesID=d8083281df5a653562814f5933d06d81 StaticDependenciesID=668f9a9ad0221f5dc79173139a8d733a 
Number of updated asset objects reloaded before import = 0
Number of asset objects unloaded after import = 0
========================================================================
Received Import Request.
  Time of request: 2026-09-13T12:49:48.4885134Z
  Time since last request: 0.0011104 seconds.
  importAddress: GUID: ea0c99d9630e5ca40ba541545beec9b8 - Path: Packages/com.unity.collab-proxy/Editor/UVCSNotification.cs - Importer: ScriptedImporter/UnityEditor.QuickSearchModule:UnityEditor.Search:ASIAI0B
Importing 'GUID: ea0c99d9630e5ca40ba541545beec9b8 - Path: Packages/com.unity.collab-proxy/Editor/UVCSNotification.cs - Importer: ScriptedImporter/UnityEditor.QuickSearchModule:UnityEditor.Search:ASIAI0B' with importer (ScriptedImporter : UnityEditor.QuickSearchModule:UnityEditor.Search:ASIAI0B)
Imported 'GUID: ea0c99d9630e5ca40ba541545beec9b8' -> (Import Result ID: 'af4dd2b8dab388c95c51aa9f97d01c8c') in 0.018 seconds [static and dynamic dependencies]. Details - ImportResultOutputID=f20d049a6d949315ff0365f4a452b911 DependenciesID=f22fe664ae0fe2095b10d838bb47c3a4 StaticDependenciesID=ebd47dea1a0e88247df6cc619c7c97f8 
Number of updated asset objects reloaded before import = 0
Number of asset objects unloaded after import = 0
========================================================================
Received Import Request.
  Time of request: 2026-09-13T12:49:48.5081744Z
  Time since last request: 0.001468 seconds.
  importAddress: GUID: d7ab4771a00b0cc4ab99301fc356de49 - Path: Packages/com.unity.collab-proxy/Editor/ProjectLoadedCounter.cs - Importer: ScriptedImporter/UnityEditor.QuickSearchModule:UnityEditor.Search:ASIAI0B
Importing 'GUID: d7ab4771a00b0cc4ab99301fc356de49 - Path: Packages/com.unity.collab-proxy/Editor/ProjectLoadedCounter.cs - Importer: ScriptedImporter/UnityEditor.QuickSearchModule:UnityEditor.Search:ASIAI0B' with importer (ScriptedImporter : UnityEditor.QuickSearchModule:UnityEditor.Search:ASIAI0B)
Imported 'GUID: d7ab4771a00b0cc4ab99301fc356de49' -> (Import Result ID: '54c5e95488374741ae17f74ff0a92a19') in 0.026 seconds [static and dynamic dependencies]. Details - ImportResultOutputID=9ccbac6cbccdc8b0c30378f5bcea7367 DependenciesID=447b351136f01ab5eb11487f8b0986b4 StaticDependenciesID=c95bebec85e3e561b793f4bbf65fafce 
Number of updated asset objects reloaded before import = 0
Number of asset objects unloaded after import = 0
========================================================================
Received Import Request.
  Time of request: 2026-09-13T12:49:48.5586826Z
  Time since last request: 0.0219385 seconds.
  importAddress: GUID: 9874d2fcd73d40b6940619e9cd482ad4 - Path: Packages/com.unity.collab-proxy/Editor/AssetMenu/ProjectViewCloudDriveAssetMenu.cs - Importer: ScriptedImporter/UnityEditor.QuickSearchModule:UnityEditor.Search:ASIAI0B
Importing 'GUID: 9874d2fcd73d40b6940619e9cd482ad4 - Path: Packages/com.unity.collab-proxy/Editor/AssetMenu/ProjectViewCloudDriveAssetMenu.cs - Importer: ScriptedImporter/UnityEditor.QuickSearchModule:UnityEditor.Search:ASIAI0B' with importer (ScriptedImporter : UnityEditor.QuickSearchModule:UnityEditor.Search:ASIAI0B)
Imported 'GUID: 9874d2fcd73d40b6940619e9cd482ad4' -> (Import Result ID: '39e3ae7933b65241e62b7526ba83331a') in 0.015 seconds [static and dynamic dependencies]. Details - ImportResultOutputID=e6960ecde0203858ea058247dc323eb4 DependenciesID=598d17c2db4e2d8f3c8dd025e1f311c6 StaticDependenciesID=26680a9b09c9924531448f86a0e896cc 
Number of updated asset objects reloaded before import = 0
Number of asset objects unloaded after import = 0
========================================================================
Received Import Request.
  Time of request: 2026-09-13T12:49:48.5756582Z
  Time since last request: 0.0012816 seconds.
  importAddress: GUID: 68d5bb402c52edc48b494a59b8971758 - Path: Packages/com.unity.collab-proxy/Editor/Configuration/EncryptionConfigurationDialog.cs - Importer: ScriptedImporter/UnityEditor.QuickSearchModule:UnityEditor.Search:ASIAI0B
Importing 'GUID: 68d5bb402c52edc48b494a59b8971758 - Path: Packages/com.unity.collab-proxy/Editor/Configuration/EncryptionConfigurationDialog.cs - Importer: ScriptedImporter/UnityEditor.QuickSearchModule:UnityEditor.Search:ASIAI0B' with importer (ScriptedImporter : UnityEditor.QuickSearchModule:UnityEditor.Search:ASIAI0B)
Imported 'GUID: 68d5bb402c52edc48b494a59b8971758' -> (Import Result ID: 'e08e656ca9f8b8fc9e3765b216d5b3e7') in 0.024 seconds [static and dynamic dependencies]. Details - ImportResultOutputID=b8f496a6a9b54ea7fd7322801a4ec46d DependenciesID=3ff8a1d64b0cb7c119dfe06e87cda0d6 StaticDependenciesID=08cd5a8f01feaafbeba0b78be5dfbe85 
Number of updated asset objects reloaded before import = 0
Number of asset objects unloaded after import = 0
========================================================================
Received Import Request.
  Time of request: 2026-09-13T12:49:48.6049121Z
  Time since last request: 0.0046828 seconds.
  importAddress: GUID: 332442c8f4f7b1943bb9e12fc97356e4 - Path: Packages/com.unity.collab-proxy/Editor/Configuration/WriteLogConfiguration.cs - Importer: ScriptedImporter/UnityEditor.QuickSearchModule:UnityEditor.Search:ASIAI0B
Importing 'GUID: 332442c8f4f7b1943bb9e12fc97356e4 - Path: Packages/com.unity.collab-proxy/Editor/Configuration/WriteLogConfiguration.cs - Importer: ScriptedImporter/UnityEditor.QuickSearchModule:UnityEditor.Search:ASIAI0B' with importer (ScriptedImporter : UnityEditor.QuickSearchModule:UnityEditor.Search:ASIAI0B)
Imported 'GUID: 332442c8f4f7b1943bb9e12fc97356e4' -> (Import Result ID: '9e2f01401b41b61a9494921a3d81067b') in 0.017 seconds [static and dynamic dependencies]. Details - ImportResultOutputID=bfe8df846314eb301911ec543f9d7735 DependenciesID=4de3743a71641dd6a8a245ddbca1b511 StaticDependenciesID=b53d4afd7f5e883b684dc3f4f7e31145 
Number of updated asset objects reloaded before import = 0
Number of asset objects unloaded after import = 0
========================================================================
Received Import Request.
  Time of request: 2026-09-13T12:49:48.6244311Z
  Time since last request: 0.0002685 seconds.
  importAddress: GUID: 628bc1ed591aa164ab9124ac22e02d9a - Path: Packages/com.unity.collab-proxy/Editor/Configuration/ChannelCertificateUiImpl.cs - Importer: ScriptedImporter/UnityEditor.QuickSearchModule:UnityEditor.Search:ASIAI0B
Importing 'GUID: 628bc1ed591aa164ab9124ac22e02d9a - Path: Packages/com.unity.collab-proxy/Editor/Configuration/ChannelCertificateUiImpl.cs - Importer: ScriptedImporter/UnityEditor.QuickSearchModule:UnityEditor.Search:ASIAI0B' with importer (ScriptedImporter : UnityEditor.QuickSearchModule:UnityEditor.Search:ASIAI0B)
Imported 'GUID: 628bc1ed591aa164ab9124ac22e02d9a' -> (Import Result ID: '6b9c53bfb5f8f13e8f4077114484aa2f') in 0.030 seconds [static and dynamic dependencies]. Details - ImportResultOutputID=bef276fa34ce4838821f86135eecbb52 DependenciesID=7f54bb20a5a7eb6badb11231945b0dee StaticDependenciesID=df852ba7ae3f08536c5f0b32f5e7ff68 
Number of updated asset objects reloaded before import = 0
Number of asset objects unloaded after import = 0
========================================================================
Received Import Request.
  Time of request: 2026-09-13T12:49:48.6596193Z
  Time since last request: 0.0028853 seconds.
  importAddress: GUID: 3d2304fd911974785b2dd0bcde004980 - Path: Packages/com.unity.collab-proxy/Editor/Diff/RefreshAssetsPanel.cs - Importer: ScriptedImporter/UnityEditor.QuickSearchModule:UnityEditor.Search:ASIAI0B
Importing 'GUID: 3d2304fd911974785b2dd0bcde004980 - Path: Packages/com.unity.collab-proxy/Editor/Diff/RefreshAssetsPanel.cs - Importer: ScriptedImporter/UnityEditor.QuickSearchModule:UnityEditor.Search:ASIAI0B' with importer (ScriptedImporter : UnityEditor.QuickSearchModule:UnityEditor.Search:ASIAI0B)
Imported 'GUID: 3d2304fd911974785b2dd0bcde004980' -> (Import Result ID: '9c0a63b7b287ab8ff1637bdad005bc0e') in 0.021 seconds [static and dynamic dependencies]. Details - ImportResultOutputID=65a9ed6ae1d047d4ff8e51f96083a781 DependenciesID=266003eb2342e69c233e1dcf61781b23 StaticDependenciesID=c6644d0f6d12d109e7df137cc31d8feb 
Number of updated asset objects reloaded before import = 0
Number of asset objects unloaded after import = 0
========================================================================
Received Import Request.
  Time of request: 2026-09-13T12:49:48.6824306Z
  Time since last request: 0.0009696 seconds.
  importAddress: GUID: dc0cbec450c3bd54eb12276dcfdc27d3 - Path: Packages/com.unity.collab-proxy/Editor/Developer/GenericProgress.cs - Importer: ScriptedImporter/UnityEditor.QuickSearchModule:UnityEditor.Search:ASIAI0B
Importing 'GUID: dc0cbec450c3bd54eb12276dcfdc27d3 - Path: Packages/com.unity.collab-proxy/Editor/Developer/GenericProgress.cs - Importer: ScriptedImporter/UnityEditor.QuickSearchModule:UnityEditor.Search:ASIAI0B' with importer (ScriptedImporter : UnityEditor.QuickSearchModule:UnityEditor.Search:ASIAI0B)
Imported 'GUID: dc0cbec450c3bd54eb12276dcfdc27d3' -> (Import Result ID: '47473c6465e2e814e989f75ab96d36df') in 0.023 seconds [static and dynamic dependencies]. Details - ImportResultOutputID=a39a8a39d3ca602fe81cef4760ff9d8e DependenciesID=23bec210cec4bc8afe789552995ad123 StaticDependenciesID=da940701fcb99525dce71dfae7a4d6bb 
Number of updated asset objects reloaded before import = 0
Number of asset objects unloaded after import = 0
========================================================================
Received Import Request.
  Time of request: 2026-09-13T12:49:48.7116087Z
  Time since last request: 0.0056236 seconds.
  importAddress: GUID: db6cbe7586694d6fb3c944d67973d313 - Path: Packages/com.unity.collab-proxy/Editor/Developer/ShelvedChangesNotification.cs - Importer: ScriptedImporter/UnityEditor.QuickSearchModule:UnityEditor.Search:ASIAI0B
Importing 'GUID: db6cbe7586694d6fb3c944d67973d313 - Path: Packages/com.unity.collab-proxy/Editor/Developer/ShelvedChangesNotification.cs - Importer: ScriptedImporter/UnityEditor.QuickSearchModule:UnityEditor.Search:ASIAI0B' with importer (ScriptedImporter : UnityEditor.QuickSearchModule:UnityEditor.Search:ASIAI0B)
Imported 'GUID: db6cbe7586694d6fb3c944d67973d313' -> (Import Result ID: '8ab13cceb8980e5364c869516a7a7b95') in 0.032 seconds [static and dynamic dependencies]. Details - ImportResultOutputID=91a5c2272177bbea57228dcbd9d61b3d DependenciesID=339b0ea4fceff099d412d65f3e97982e StaticDependenciesID=9d85cfb911d1d94bd9a0b8cbdd664441 
Number of updated asset objects reloaded before import = 0
Number of asset objects unloaded after import = 0
========================================================================
Received Import Request.
  Time of request: 2026-09-13T12:49:48.74755Z
  Time since last request: 0.0028666 seconds.
  importAddress: GUID: c50ac3c60fd045b38f5449bb43db257d - Path: Packages/com.unity.collab-proxy/Editor/AssetMenu/HierarchyViewAssetMenu.cs - Importer: ScriptedImporter/UnityEditor.QuickSearchModule:UnityEditor.Search:ASIAI0B
Importing 'GUID: c50ac3c60fd045b38f5449bb43db257d - Path: Packages/com.unity.collab-proxy/Editor/AssetMenu/HierarchyViewAssetMenu.cs - Importer: ScriptedImporter/UnityEditor.QuickSearchModule:UnityEditor.Search:ASIAI0B' with importer (ScriptedImporter : UnityEditor.QuickSearchModule:UnityEditor.Search:ASIAI0B)
Imported 'GUID: c50ac3c60fd045b38f5449bb43db257d' -> (Import Result ID: 'ec1fda924964b4a428643d41793c102b') in 0.030 seconds [static and dynamic dependencies]. Details - ImportResultOutputID=87e70f27953a4a8597fffc352ff2b265 DependenciesID=31722d208de3ee0e1a83a88bdc6ef2c0 StaticDependenciesID=3e7288a02499dcaa31615e61a67e17bb 
Number of updated asset objects reloaded before import = 0
Number of asset objects unloaded after import = 0
========================================================================
Received Import Request.
  Time of request: 2026-09-13T12:49:48.7814291Z
  Time since last request: 0.0001602 seconds.
  importAddress: GUID: bdab12da216948e2a24b90b910e519c0 - Path: Packages/com.unity.collab-proxy/Editor/CloudDrive/WindowStatusBar.cs - Importer: ScriptedImporter/UnityEditor.QuickSearchModule:UnityEditor.Search:ASIAI0B
Importing 'GUID: bdab12da216948e2a24b90b910e519c0 - Path: Packages/com.unity.collab-proxy/Editor/CloudDrive/WindowStatusBar.cs - Importer: ScriptedImporter/UnityEditor.QuickSearchModule:UnityEditor.Search:ASIAI0B' with importer (ScriptedImporter : UnityEditor.QuickSearchModule:UnityEditor.Search:ASIAI0B)
Imported 'GUID: bdab12da216948e2a24b90b910e519c0' -> (Import Result ID: 'f0cdadf038f2c40d60ebc37979b9cba1') in 0.029 seconds [static and dynamic dependencies]. Details - ImportResultOutputID=8a320eaf86a33a36897a319835d8c36c DependenciesID=ed307c95f0cd80a2a4c62ab5e11a2148 StaticDependenciesID=89e62c3b8792eb738baded66db4b7fbb 
Number of updated asset objects reloaded before import = 0
Number of asset objects unloaded after import = 0
========================================================================
Received Import Request.
  Time of request: 2026-09-13T12:49:48.8127264Z
  Time since last request: 0.0010163 seconds.
  importAddress: GUID: ce652d891ad5ed540b0d6e474d00130c - Path: Packages/com.unity.collab-proxy/Editor/Developer/UpdateProgress.cs - Importer: ScriptedImporter/UnityEditor.QuickSearchModule:UnityEditor.Search:ASIAI0B
Importing 'GUID: ce652d891ad5ed540b0d6e474d00130c - Path: Packages/com.unity.collab-proxy/Editor/Developer/UpdateProgress.cs - Importer: ScriptedImporter/UnityEditor.QuickSearchModule:UnityEditor.Search:ASIAI0B' with importer (ScriptedImporter : UnityEditor.QuickSearchModule:UnityEditor.Search:ASIAI0B)
Imported 'GUID: ce652d891ad5ed540b0d6e474d00130c' -> (Import Result ID: '86d78954a9155c301013531c04b48925') in 0.018 seconds [static and dynamic dependencies]. Details - ImportResultOutputID=141ec71d04e78a0bee99271e482d9074 DependenciesID=02e12bbea4e123658e02c9be3f43bdbd StaticDependenciesID=325a097c3e8db67348f4ab1d522c944b 
Number of updated asset objects reloaded before import = 0
Number of asset objects unloaded after import = 0
========================================================================
Received Import Request.
  Time of request: 2026-09-13T12:49:48.8369213Z
  Time since last request: 0.0052135 seconds.
  importAddress: GUID: b8a49294ba135a2408fd1b26bcda6f97 - Path: Packages/com.unity.collab-proxy/Editor/AssetMenu/ProjectViewAssetSelection.cs - Importer: ScriptedImporter/UnityEditor.QuickSearchModule:UnityEditor.Search:ASIAI0B
Importing 'GUID: b8a49294ba135a2408fd1b26bcda6f97 - Path: Packages/com.unity.collab-proxy/Editor/AssetMenu/ProjectViewAssetSelection.cs - Importer: ScriptedImporter/UnityEditor.QuickSearchModule:UnityEditor.Search:ASIAI0B' with importer (ScriptedImporter : UnityEditor.QuickSearchModule:UnityEditor.Search:ASIAI0B)
Imported 'GUID: b8a49294ba135a2408fd1b26bcda6f97' -> (Import Result ID: '7b74fe110d495698182cbdbea457dbf0') in 0.021 seconds [static and dynamic dependencies]. Details - ImportResultOutputID=274de7505033de10b638080832d00316 DependenciesID=4007458bc2ecd44469c9b6639e2ae9a4 StaticDependenciesID=44a67056e920e021e6027753429d2925 
Number of updated asset objects reloaded before import = 0
Number of asset objects unloaded after import = 0
========================================================================
Received Import Request.
  Time of request: 2026-09-13T12:49:48.8599153Z
  Time since last request: 0.0003476 seconds.
  importAddress: GUID: 61e6de2fad294475faa26356ebfb7a4d - Path: Packages/com.unity.collab-proxy/Editor/CodeEditor/TextEditorColors.cs - Importer: ScriptedImporter/UnityEditor.QuickSearchModule:UnityEditor.Search:ASIAI0B
Importing 'GUID: 61e6de2fad294475faa26356ebfb7a4d - Path: Packages/com.unity.collab-proxy/Editor/CodeEditor/TextEditorColors.cs - Importer: ScriptedImporter/UnityEditor.QuickSearchModule:UnityEditor.Search:ASIAI0B' with importer (ScriptedImporter : UnityEditor.QuickSearchModule:UnityEditor.Search:ASIAI0B)
Imported 'GUID: 61e6de2fad294475faa26356ebfb7a4d' -> (Import Result ID: '7425f8b86c3624bebe82f008e3c0266e') in 0.018 seconds [static and dynamic dependencies]. Details - ImportResultOutputID=4beb620245fbabbe2713dd76c40d6301 DependenciesID=a4dfa9b8f33d46f4656484ab0b0b88b9 StaticDependenciesID=02ccb1937dcefcea3e8d40ebbc738455 
Number of updated asset objects reloaded before import = 0
Number of asset objects unloaded after import = 0
========================================================================
Received Import Request.
  Time of request: 2026-09-13T12:49:48.88202Z
  Time since last request: 0.0023081 seconds.
  importAddress: GUID: 86522126cf0ce4a37aeac702343411cc - Path: Packages/com.unity.collab-proxy/Editor/CodeEditor/TextEditorOptions.cs - Importer: ScriptedImporter/UnityEditor.QuickSearchModule:UnityEditor.Search:ASIAI0B
Importing 'GUID: 86522126cf0ce4a37aeac702343411cc - Path: Packages/com.unity.collab-proxy/Editor/CodeEditor/TextEditorOptions.cs - Importer: ScriptedImporter/UnityEditor.QuickSearchModule:UnityEditor.Search:ASIAI0B' with importer (ScriptedImporter : UnityEditor.QuickSearchModule:UnityEditor.Search:ASIAI0B)
Imported 'GUID: 86522126cf0ce4a37aeac702343411cc' -> (Import Result ID: 'e0213c40de8972c9aa35f0b56fa4397c') in 0.022 seconds [static and dynamic dependencies]. Details - ImportResultOutputID=32328655a5fd63f34001f1b4df2b2b0c DependenciesID=b42bce90f2b5ec787cbe9344133cb3e6 StaticDependenciesID=e9cda5e03b1a7f011d3a931bd102b680 
Number of updated asset objects reloaded before import = 0
Number of asset objects unloaded after import = 0
========================================================================
Received Import Request.
  Time of request: 2026-09-13T12:49:48.9058403Z
  Time since last request: 0.0014085 seconds.
  importAddress: GUID: ee776820547bd654980004e8471df8e3 - Path: Packages/com.unity.collab-proxy/Editor/Configuration/ToolConfig.cs - Importer: ScriptedImporter/UnityEditor.QuickSearchModule:UnityEditor.Search:ASIAI0B
Importing 'GUID: ee776820547bd654980004e8471df8e3 - Path: Packages/com.unity.collab-proxy/Editor/Configuration/ToolConfig.cs - Importer: ScriptedImporter/UnityEditor.QuickSearchModule:UnityEditor.Search:ASIAI0B' with importer (ScriptedImporter : UnityEditor.QuickSearchModule:UnityEditor.Search:ASIAI0B)
Imported 'GUID: ee776820547bd654980004e8471df8e3' -> (Import Result ID: 'f30f5ec84321bc5c082c057cf0df21b5') in 0.018 seconds [static and dynamic dependencies]. Details - ImportResultOutputID=89eaa915b189d12e1eb04718e013fe3a DependenciesID=a2644430db72ce7dd56b87f45c462fa2 StaticDependenciesID=28b4117e23c003ff9c62a5bc75419f9e 
Number of updated asset objects reloaded before import = 0
Number of asset objects unloaded after import = 0
========================================================================
Received Import Request.
  Time of request: 2026-09-13T12:49:48.9260516Z
  Time since last request: 0.0014488 seconds.
  importAddress: GUID: 68f2f2587930106408dd3b00fb4974ff - Path: Packages/com.unity.collab-proxy/Editor/AssetOverlays/DrawHierarchyOverlay.cs - Importer: ScriptedImporter/UnityEditor.QuickSearchModule:UnityEditor.Search:ASIAI0B
Importing 'GUID: 68f2f2587930106408dd3b00fb4974ff - Path: Packages/com.unity.collab-proxy/Editor/AssetOverlays/DrawHierarchyOverlay.cs - Importer: ScriptedImporter/UnityEditor.QuickSearchModule:UnityEditor.Search:ASIAI0B' with importer (ScriptedImporter : UnityEditor.QuickSearchModule:UnityEditor.Search:ASIAI0B)
Imported 'GUID: 68f2f2587930106408dd3b00fb4974ff' -> (Import Result ID: 'bd3c16ed1e76e3bcee3c9ee11c8ccdba') in 0.018 seconds [static and dynamic dependencies]. Details - ImportResultOutputID=b04e6dbaac484e06926c5d835d9f5fb2 DependenciesID=4550dacacaa25eb1a1f610fb30c9dbd6 StaticDependenciesID=72104e4ee8af210ea149b873aad0f263 
Number of updated asset objects reloaded before import = 0
Number of asset objects unloaded after import = 0
========================================================================
Received Import Request.
  Time of request: 2026-09-13T12:49:48.9458776Z
  Time since last request: 0.0011512 seconds.
  importAddress: GUID: e0ca5f7f9ce171a44a14d09d62ee6c8e - Path: Packages/com.unity.collab-proxy/Editor/CloudDrive/CloudDriveMenuItem.cs - Importer: ScriptedImporter/UnityEditor.QuickSearchModule:UnityEditor.Search:ASIAI0B
Importing 'GUID: e0ca5f7f9ce171a44a14d09d62ee6c8e - Path: Packages/com.unity.collab-proxy/Editor/CloudDrive/CloudDriveMenuItem.cs - Importer: ScriptedImporter/UnityEditor.QuickSearchModule:UnityEditor.Search:ASIAI0B' with importer (ScriptedImporter : UnityEditor.QuickSearchModule:UnityEditor.Search:ASIAI0B)
Imported 'GUID: e0ca5f7f9ce171a44a14d09d62ee6c8e' -> (Import Result ID: 'ca0a9a6e4c8669538033919289995950') in 0.021 seconds [static and dynamic dependencies]. Details - ImportResultOutputID=8e520c6e4891edf47001e11e45873655 DependenciesID=6f0cd81fe1d0da47e46a744c68bc6e09 StaticDependenciesID=edc7f8e08eacac30d1b6e468e9c51a7a 
Number of updated asset objects reloaded before import = 0
Number of asset objects unloaded after import = 0
========================================================================
Received Import Request.
  Time of request: 2026-09-13T12:49:48.9715134Z
  Time since last request: 0.002722 seconds.
  importAddress: GUID: 7d9221bc32738c5498b01916d61a39b9 - Path: Packages/com.unity.collab-proxy/Editor/CodeEditor/Keyboard.cs - Importer: ScriptedImporter/UnityEditor.QuickSearchModule:UnityEditor.Search:ASIAI0B
Importing 'GUID: 7d9221bc32738c5498b01916d61a39b9 - Path: Packages/com.unity.collab-proxy/Editor/CodeEditor/Keyboard.cs - Importer: ScriptedImporter/UnityEditor.QuickSearchModule:UnityEditor.Search:ASIAI0B' with importer (ScriptedImporter : UnityEditor.QuickSearchModule:UnityEditor.Search:ASIAI0B)
Imported 'GUID: 7d9221bc32738c5498b01916d61a39b9' -> (Import Result ID: '05d168ac9e80a36aac69d1b48edd6c3c') in 0.014 seconds [static and dynamic dependencies]. Details - ImportResultOutputID=fd95a51e30a7a268f614709c5418cb6a DependenciesID=dca3b8a9754ab1636de404a6e1fa97bd StaticDependenciesID=754bee445d150b2fb517f390bfb2d625 
Number of updated asset objects reloaded before import = 0
Number of asset objects unloaded after import = 0
========================================================================
Received Import Request.
  Time of request: 2026-09-13T12:49:48.988258Z
  Time since last request: 0.0014785 seconds.
  importAddress: GUID: c24d342672367b243aff1910ea83a56d - Path: Packages/com.unity.collab-proxy/Editor/Entities/Unity.PlasticSCM.Editor.Entities.asmdef - Importer: ScriptedImporter/UnityEditor.QuickSearchModule:UnityEditor.Search:ASIAI0B
Importing 'GUID: c24d342672367b243aff1910ea83a56d - Path: Packages/com.unity.collab-proxy/Editor/Entities/Unity.PlasticSCM.Editor.Entities.asmdef - Importer: ScriptedImporter/UnityEditor.QuickSearchModule:UnityEditor.Search:ASIAI0B' with importer (ScriptedImporter : UnityEditor.QuickSearchModule:UnityEditor.Search:ASIAI0B)
Imported 'GUID: c24d342672367b243aff1910ea83a56d' -> (Import Result ID: '5143bc4976f8082aedad2cf5f948f2bc') in 0.036 seconds [static and dynamic dependencies]. Details - ImportResultOutputID=644a0ecf75c24e71e64d40f10e852ce5 DependenciesID=f5d90c8fa69dc0fe2e4993d1f20cde34 StaticDependenciesID=3e71a7c2cc93218fb4c3fc043055d76b 
Number of updated asset objects reloaded before import = 0
Number of asset objects unloaded after import = 1
========================================================================
Received Import Request.
  Time of request: 2026-09-13T12:49:49.0263798Z
  Time since last request: 0.0012749 seconds.
  importAddress: GUID: 19397b4b199145c5bd9ee8c1c7d5938d - Path: Packages/com.unity.collab-proxy/Editor/AssetMenu/HierarchyViewAssetSelection.cs - Importer: ScriptedImporter/UnityEditor.QuickSearchModule:UnityEditor.Search:ASIAI0B
Importing 'GUID: 19397b4b199145c5bd9ee8c1c7d5938d - Path: Packages/com.unity.collab-proxy/Editor/AssetMenu/HierarchyViewAssetSelection.cs - Importer: ScriptedImporter/UnityEditor.QuickSearchModule:UnityEditor.Search:ASIAI0B' with importer (ScriptedImporter : UnityEditor.QuickSearchModule:UnityEditor.Search:ASIAI0B)
Imported 'GUID: 19397b4b199145c5bd9ee8c1c7d5938d' -> (Import Result ID: 'dde9cc0c3df2353a319b41721de44745') in 0.016 seconds [static and dynamic dependencies]. Details - ImportResultOutputID=5f44a6e4060c9edd10e8f09426d06b6e DependenciesID=2948a9ace3134a1baa209cdfcc872478 StaticDependenciesID=2f0bcca1d2bbe46d31cc2afbcbfdfffa 
Number of updated asset objects reloaded before import = 0
Number of asset objects unloaded after import = 0
========================================================================
Received Import Request.
  Time of request: 2026-09-13T12:49:49.0446324Z
  Time since last request: 0.000352 seconds.
  importAddress: GUID: 91f74d588534bef42ac4b919a2ece84a - Path: Packages/com.unity.collab-proxy/Editor/AssetsUtils/LoadAsset.cs - Importer: ScriptedImporter/UnityEditor.QuickSearchModule:UnityEditor.Search:ASIAI0B
Importing 'GUID: 91f74d588534bef42ac4b919a2ece84a - Path: Packages/com.unity.collab-proxy/Editor/AssetsUtils/LoadAsset.cs - Importer: ScriptedImporter/UnityEditor.QuickSearchModule:UnityEditor.Search:ASIAI0B' with importer (ScriptedImporter : UnityEditor.QuickSearchModule:UnityEditor.Search:ASIAI0B)
Imported 'GUID: 91f74d588534bef42ac4b919a2ece84a' -> (Import Result ID: 'a8f251876570e767202438f3f850e0c6') in 0.023 seconds [static and dynamic dependencies]. Details - ImportResultOutputID=71ab9fbe06d85072bc984ccafd62191f DependenciesID=62fea220284c67abf136208bcbc8f4af StaticDependenciesID=62fceb2989fb8962f69bc8b62ddbf476 
Number of updated asset objects reloaded before import = 0
Number of asset objects unloaded after import = 0
========================================================================
Received Import Request.
  Time of request: 2026-09-13T12:49:49.0705676Z
  Time since last request: 0.0021787 seconds.
  importAddress: GUID: 3358a79a3123eed4baff54da855492e6 - Path: Packages/com.unity.collab-proxy/Editor/CloudDrive/GetProposedOrganizationProject.cs - Importer: ScriptedImporter/UnityEditor.QuickSearchModule:UnityEditor.Search:ASIAI0B
Importing 'GUID: 3358a79a3123eed4baff54da855492e6 - Path: Packages/com.unity.collab-proxy/Editor/CloudDrive/GetProposedOrganizationProject.cs - Importer: ScriptedImporter/UnityEditor.QuickSearchModule:UnityEditor.Search:ASIAI0B' with importer (ScriptedImporter : UnityEditor.QuickSearchModule:UnityEditor.Search:ASIAI0B)
Imported 'GUID: 3358a79a3123eed4baff54da855492e6' -> (Import Result ID: '2b50c2fa2d20bc61f5c1c4046b5101d1') in 0.022 seconds [static and dynamic dependencies]. Details - ImportResultOutputID=2730f0145d13c2467b0dfc4e49b6efbf DependenciesID=cf883194ebddc41b19eaeed6540e261d StaticDependenciesID=79c7aa52e629d3be925afaa7e3d84b68 
Number of updated asset objects reloaded before import = 0
Number of asset objects unloaded after import = 0
========================================================================
Received Import Request.
  Time of request: 2026-09-13T12:49:49.0963004Z
  Time since last request: 0.0019992 seconds.
  importAddress: GUID: 7f1a149716724cc38b048572976de769 - Path: Packages/com.unity.collab-proxy/Editor/CodeEditor/ICodeEditorSettingsChangeListener.cs - Importer: ScriptedImporter/UnityEditor.QuickSearchModule:UnityEditor.Search:ASIAI0B
Importing 'GUID: 7f1a149716724cc38b048572976de769 - Path: Packages/com.unity.collab-proxy/Editor/CodeEditor/ICodeEditorSettingsChangeListener.cs - Importer: ScriptedImporter/UnityEditor.QuickSearchModule:UnityEditor.Search:ASIAI0B' with importer (ScriptedImporter : UnityEditor.QuickSearchModule:UnityEditor.Search:ASIAI0B)
Imported 'GUID: 7f1a149716724cc38b048572976de769' -> (Import Result ID: 'a1eda83b32fd806ec51470ab7d16465d') in 0.023 seconds [static and dynamic dependencies]. Details - ImportResultOutputID=629ef36dc21cb6bfb2560a4db546626c DependenciesID=98e1119542261a7a341ceeb8c8f766ed StaticDependenciesID=252d79873ef3c4b1cf67ead9d2c6ead2 
Number of updated asset objects reloaded before import = 0
Number of asset objects unloaded after import = 0
========================================================================
Received Import Request.
  Time of request: 2026-09-13T12:49:49.1216277Z
  Time since last request: 0.0015038 seconds.
  importAddress: GUID: 2c8b452bcd72d8248a3297ff656f0a7a - Path: Packages/com.unity.collab-proxy/Editor/AssetMenu/AssetUVCSOperations.cs - Importer: ScriptedImporter/UnityEditor.QuickSearchModule:UnityEditor.Search:ASIAI0B
Importing 'GUID: 2c8b452bcd72d8248a3297ff656f0a7a - Path: Packages/com.unity.collab-proxy/Editor/AssetMenu/AssetUVCSOperations.cs - Importer: ScriptedImporter/UnityEditor.QuickSearchModule:UnityEditor.Search:ASIAI0B' with importer (ScriptedImporter : UnityEditor.QuickSearchModule:UnityEditor.Search:ASIAI0B)
Imported 'GUID: 2c8b452bcd72d8248a3297ff656f0a7a' -> (Import Result ID: '3127c7b7165032d37d939d8403f090e1') in 0.019 seconds [static and dynamic dependencies]. Details - ImportResultOutputID=4c8b73bbb6c22622a6eb0642c55b9043 DependenciesID=9ea68d57004923fe349b53ed22f5e22d StaticDependenciesID=ee31b346454d7b949a29c0c1745e0032 
Number of updated asset objects reloaded before import = 0
Number of asset objects unloaded after import = 0
========================================================================
Received Import Request.
  Time of request: 2026-09-13T12:49:49.143181Z
  Time since last request: 0.0012801 seconds.
  importAddress: GUID: e34298b6d08a46c4191e87726f21c0e5 - Path: Packages/com.unity.collab-proxy/Editor/CloudDrive/CloudDrivePlugin.cs - Importer: ScriptedImporter/UnityEditor.QuickSearchModule:UnityEditor.Search:ASIAI0B
Importing 'GUID: e34298b6d08a46c4191e87726f21c0e5 - Path: Packages/com.unity.collab-proxy/Editor/CloudDrive/CloudDrivePlugin.cs - Importer: ScriptedImporter/UnityEditor.QuickSearchModule:UnityEditor.Search:ASIAI0B' with importer (ScriptedImporter : UnityEditor.QuickSearchModule:UnityEditor.Search:ASIAI0B)
Imported 'GUID: e34298b6d08a46c4191e87726f21c0e5' -> (Import Result ID: '4d0b8c83515e106fc7eefd0bb10301eb') in 0.018 seconds [static and dynamic dependencies]. Details - ImportResultOutputID=2a5503978806666e70b58c67feddc9a3 DependenciesID=b6fc50ce51c5c71a5f9b445cf50d48da StaticDependenciesID=88ba288ec82792d83c79dd6a01a93fe6 
Number of updated asset objects reloaded before import = 0
Number of asset objects unloaded after import = 0
========================================================================
Received Import Request.
  Time of request: 2026-09-13T12:49:49.1626062Z
  Time since last request: 0.0009315 seconds.
  importAddress: GUID: 062535eac3e5dd1409b6a50b0d043e2c - Path: Packages/com.unity.collab-proxy/Editor/AssetOverlays/AssetStatus.cs - Importer: ScriptedImporter/UnityEditor.QuickSearchModule:UnityEditor.Search:ASIAI0B
Importing 'GUID: 062535eac3e5dd1409b6a50b0d043e2c - Path: Packages/com.unity.collab-proxy/Editor/AssetOverlays/AssetStatus.cs - Importer: ScriptedImporter/UnityEditor.QuickSearchModule:UnityEditor.Search:ASIAI0B' with importer (ScriptedImporter : UnityEditor.QuickSearchModule:UnityEditor.Search:ASIAI0B)
Imported 'GUID: 062535eac3e5dd1409b6a50b0d043e2c' -> (Import Result ID: 'f6645b4eda1518d664e2ba4a4f30e986') in 0.016 seconds [static and dynamic dependencies]. Details - ImportResultOutputID=97f93c806e6eba9fdc23d4dd71ce0185 DependenciesID=103c37fc1bbd973824f1453401fc8cfb StaticDependenciesID=594bd13279e638d85ad1121843760adb 
Number of updated asset objects reloaded before import = 0
Number of asset objects unloaded after import = 0
========================================================================
Received Import Request.
  Time of request: 2026-09-13T12:49:49.1809167Z
  Time since last request: 0.0015665 seconds.
  importAddress: GUID: 6cad902920d2d0e448b4a307b199d8fd - Path: Packages/com.unity.collab-proxy/Editor/AssetsUtils/ProjectPath.cs - Importer: ScriptedImporter/UnityEditor.QuickSearchModule:UnityEditor.Search:ASIAI0B
Importing 'GUID: 6cad902920d2d0e448b4a307b199d8fd - Path: Packages/com.unity.collab-proxy/Editor/AssetsUtils/ProjectPath.cs - Importer: ScriptedImporter/UnityEditor.QuickSearchModule:UnityEditor.Search:ASIAI0B' with importer (ScriptedImporter : UnityEditor.QuickSearchModule:UnityEditor.Search:ASIAI0B)
Imported 'GUID: 6cad902920d2d0e448b4a307b199d8fd' -> (Import Result ID: '1cc0bde43a2e9dda819db9856ff5a0ab') in 0.025 seconds [static and dynamic dependencies]. Details - ImportResultOutputID=c8bcfc3f6d3eaa039bd46e439ebe075a DependenciesID=f7716929408129598d96b01543dbc52e StaticDependenciesID=da922271b47ff61efbdf51684fed95c6 
Number of updated asset objects reloaded before import = 0
Number of asset objects unloaded after import = 0
========================================================================
Received Import Request.
  Time of request: 2026-09-13T12:49:49.207368Z
  Time since last request: 0.0010803 seconds.
  importAddress: GUID: e6c29999aff44b79938d04786d7b9373 - Path: Packages/com.unity.collab-proxy/Editor/Diff/AssetType.cs - Importer: ScriptedImporter/UnityEditor.QuickSearchModule:UnityEditor.Search:ASIAI0B
Importing 'GUID: e6c29999aff44b79938d04786d7b9373 - Path: Packages/com.unity.collab-proxy/Editor/Diff/AssetType.cs - Importer: ScriptedImporter/UnityEditor.QuickSearchModule:UnityEditor.Search:ASIAI0B' with importer (ScriptedImporter : UnityEditor.QuickSearchModule:UnityEditor.Search:ASIAI0B)
Imported 'GUID: e6c29999aff44b79938d04786d7b9373' -> (Import Result ID: 'f0be3001476f2de176face6445ca18ae') in 0.027 seconds [static and dynamic dependencies]. Details - ImportResultOutputID=8e5050f78ffbe9ca40e7d4f569e951ab DependenciesID=de04446ca9ac21a212d4606e446a53cc StaticDependenciesID=d73c1a5e6b2c6a2ee8a5e154f99a57fc 
Number of updated asset objects reloaded before import = 0
Number of asset objects unloaded after import = 0
========================================================================
Received Import Request.
  Time of request: 2026-09-13T12:49:49.2367011Z
  Time since last request: 0.0020749 seconds.
  importAddress: GUID: 4064021de8c73d44f9d4a0f99d80d5b0 - Path: Packages/com.unity.collab-proxy/Editor/CloudDrive/CloudDriveWindow.cs - Importer: ScriptedImporter/UnityEditor.QuickSearchModule:UnityEditor.Search:ASIAI0B
Importing 'GUID: 4064021de8c73d44f9d4a0f99d80d5b0 - Path: Packages/com.unity.collab-proxy/Editor/CloudDrive/CloudDriveWindow.cs - Importer: ScriptedImporter/UnityEditor.QuickSearchModule:UnityEditor.Search:ASIAI0B' with importer (ScriptedImporter : UnityEditor.QuickSearchModule:UnityEditor.Search:ASIAI0B)
Imported 'GUID: 4064021de8c73d44f9d4a0f99d80d5b0' -> (Import Result ID: '166e2f611455b99a17b708627b6877f1') in 0.017 seconds [static and dynamic dependencies]. Details - ImportResultOutputID=2cdc0f43a42854c4ac4298147004732d DependenciesID=a32f63cf646e104f841266ec8ad55d46 StaticDependenciesID=e888679538a091010693a699ff2794d1 
Number of updated asset objects reloaded before import = 0
Number of asset objects unloaded after import = 0
========================================================================
Received Import Request.
  Time of request: 2026-09-13T12:49:49.2555788Z
  Time since last request: 0.0007772 seconds.
  importAddress: GUID: fe6ad6eb139a49f4a02d9794e934bd9c - Path: Packages/com.unity.collab-proxy/Editor/Entities/HierarchyExtensions.cs - Importer: ScriptedImporter/UnityEditor.QuickSearchModule:UnityEditor.Search:ASIAI0B
Importing 'GUID: fe6ad6eb139a49f4a02d9794e934bd9c - Path: Packages/com.unity.collab-proxy/Editor/Entities/HierarchyExtensions.cs - Importer: ScriptedImporter/UnityEditor.QuickSearchModule:UnityEditor.Search:ASIAI0B' with importer (ScriptedImporter : UnityEditor.QuickSearchModule:UnityEditor.Search:ASIAI0B)
Imported 'GUID: fe6ad6eb139a49f4a02d9794e934bd9c' -> (Import Result ID: 'e2f68c71e3cba8da64f7b743bd7f585f') in 0.023 seconds [static and dynamic dependencies]. Details - ImportResultOutputID=f717e682ef62faf6ce6858467ce10383 DependenciesID=94eb618d44f8e090eb44ddab30fb4a34 StaticDependenciesID=bd829d6ff01f7daac6ce5f7342e80452 
Number of updated asset objects reloaded before import = 0
Number of asset objects unloaded after import = 0
========================================================================
Received Import Request.
  Time of request: 2026-09-13T12:49:49.2816328Z
  Time since last request: 0.0011874 seconds.
  importAddress: GUID: 82c390af6cf64e9aaa35f2cfe24178a7 - Path: Packages/com.unity.collab-proxy/Editor/Diff/UnityBigFileChecker.cs - Importer: ScriptedImporter/UnityEditor.QuickSearchModule:UnityEditor.Search:ASIAI0B
Importing 'GUID: 82c390af6cf64e9aaa35f2cfe24178a7 - Path: Packages/com.unity.collab-proxy/Editor/Diff/UnityBigFileChecker.cs - Importer: ScriptedImporter/UnityEditor.QuickSearchModule:UnityEditor.Search:ASIAI0B' with importer (ScriptedImporter : UnityEditor.QuickSearchModule:UnityEditor.Search:ASIAI0B)
Imported 'GUID: 82c390af6cf64e9aaa35f2cfe24178a7' -> (Import Result ID: '8d4c0d0c68b7dcf1b07bc42ed03b56b0') in 0.022 seconds [static and dynamic dependencies]. Details - ImportResultOutputID=bf5c4e504abeae5b2a696e595f820607 DependenciesID=d39dbf726c71ab9519659e504f2f9a2e StaticDependenciesID=cd5bf42a7f5a9cc96bf1409599ad43a1 
Number of updated asset objects reloaded before import = 0
Number of asset objects unloaded after import = 0
========================================================================
Received Import Request.
  Time of request: 2026-09-13T12:49:49.3052411Z
  Time since last request: 0.0013104 seconds.
  importAddress: GUID: 1a494b476833467f9df3a23e8804595b - Path: Packages/com.unity.collab-proxy/Editor/Assistant/Unity.PlasticSCM.Editor.Assistant.asmdef - Importer: ScriptedImporter/UnityEditor.QuickSearchModule:UnityEditor.Search:ASIAI0B
Importing 'GUID: 1a494b476833467f9df3a23e8804595b - Path: Packages/com.unity.collab-proxy/Editor/Assistant/Unity.PlasticSCM.Editor.Assistant.asmdef - Importer: ScriptedImporter/UnityEditor.QuickSearchModule:UnityEditor.Search:ASIAI0B' with importer (ScriptedImporter : UnityEditor.QuickSearchModule:UnityEditor.Search:ASIAI0B)
Imported 'GUID: 1a494b476833467f9df3a23e8804595b' -> (Import Result ID: '38817ae116bd7e427159f2ebf8b8d23a') in 0.033 seconds [static and dynamic dependencies]. Details - ImportResultOutputID=c1bfbc4ab747a3f154f7097df69e21e4 DependenciesID=8dc6c6bfe87326e0aba0741568b9ab18 StaticDependenciesID=c39accea9516550dce938aafaf0da6fb 
Number of updated asset objects reloaded before import = 0
Number of asset objects unloaded after import = 1
========================================================================
Received Import Request.
  Time of request: 2026-09-13T12:49:49.3398612Z
  Time since last request: 0.0012406 seconds.
  importAddress: GUID: 802adf99bdbb1a3439a0a09ae5664192 - Path: Packages/com.unity.collab-proxy/Editor/AssetsUtils/SaveAssets.cs - Importer: ScriptedImporter/UnityEditor.QuickSearchModule:UnityEditor.Search:ASIAI0B
Importing 'GUID: 802adf99bdbb1a3439a0a09ae5664192 - Path: Packages/com.unity.collab-proxy/Editor/AssetsUtils/SaveAssets.cs - Importer: ScriptedImporter/UnityEditor.QuickSearchModule:UnityEditor.Search:ASIAI0B' with importer (ScriptedImporter : UnityEditor.QuickSearchModule:UnityEditor.Search:ASIAI0B)
Imported 'GUID: 802adf99bdbb1a3439a0a09ae5664192' -> (Import Result ID: 'b888dca7213877345aae90812094d0bb') in 0.025 seconds [static and dynamic dependencies]. Details - ImportResultOutputID=1feb6c38412b7407995a05a8811ce8fe DependenciesID=0c63ea3d2a3523b118f1e6951c2603e0 StaticDependenciesID=7c64de7cc5c8cb113f01b51f9b34aa87 
Number of updated asset objects reloaded before import = 0
Number of asset objects unloaded after import = 0
========================================================================
Received Import Request.
  Time of request: 2026-09-13T12:49:49.3668852Z
  Time since last request: 0.0016366 seconds.
  importAddress: GUID: cc9b578c680471e41965738c85cbabbf - Path: Packages/com.unity.collab-proxy/Editor/Developer/IncomingChangesNotification.cs - Importer: ScriptedImporter/UnityEditor.QuickSearchModule:UnityEditor.Search:ASIAI0B
Importing 'GUID: cc9b578c680471e41965738c85cbabbf - Path: Packages/com.unity.collab-proxy/Editor/Developer/IncomingChangesNotification.cs - Importer: ScriptedImporter/UnityEditor.QuickSearchModule:UnityEditor.Search:ASIAI0B' with importer (ScriptedImporter : UnityEditor.QuickSearchModule:UnityEditor.Search:ASIAI0B)
Imported 'GUID: cc9b578c680471e41965738c85cbabbf' -> (Import Result ID: 'e8cd3c9011c21636903c4e49c4c91eb1') in 0.048 seconds [static and dynamic dependencies]. Details - ImportResultOutputID=e83eb80dc2630499c207d408ae27799b DependenciesID=b86730492047aae507a4bbf05c91230b StaticDependenciesID=9a38e20b1f8a15651bd7185b6983bf2c 
Number of updated asset objects reloaded before import = 0
Number of asset objects unloaded after import = 0
========================================================================
Received Import Request.
  Time of request: 2026-09-13T12:49:49.4172127Z
  Time since last request: 0.0000699 seconds.
  importAddress: GUID: a92f7c4434405984a811b4e7c316594e - Path: Packages/com.unity.collab-proxy/Editor/AssetOverlays/DrawAssetOverlayIcon.cs - Importer: ScriptedImporter/UnityEditor.QuickSearchModule:UnityEditor.Search:ASIAI0B
Importing 'GUID: a92f7c4434405984a811b4e7c316594e - Path: Packages/com.unity.collab-proxy/Editor/AssetOverlays/DrawAssetOverlayIcon.cs - Importer: ScriptedImporter/UnityEditor.QuickSearchModule:UnityEditor.Search:ASIAI0B' with importer (ScriptedImporter : UnityEditor.QuickSearchModule:UnityEditor.Search:ASIAI0B)
Imported 'GUID: a92f7c4434405984a811b4e7c316594e' -> (Import Result ID: 'abca62068f5ee421dafc4d7ec2a87e75') in 0.023 seconds [static and dynamic dependencies]. Details - ImportResultOutputID=de0ad6e08a03c7aa895c1a34e5150ddf DependenciesID=fea8fb1b9a3a450587b55a4ef5088b6b StaticDependenciesID=03e89327a0425f4459662277ccb01f8d 
Number of updated asset objects reloaded before import = 0
Number of asset objects unloaded after import = 0
========================================================================
Received Import Request.
  Time of request: 2026-09-13T12:49:49.4422531Z
  Time since last request: 0.0013648 seconds.
  importAddress: GUID: 50d82b3e371b7cc42abc2999039b19cb - Path: Packages/com.unity.collab-proxy/Editor/Configuration/CredentialsUIImpl.cs - Importer: ScriptedImporter/UnityEditor.QuickSearchModule:UnityEditor.Search:ASIAI0B
Importing 'GUID: 50d82b3e371b7cc42abc2999039b19cb - Path: Packages/com.unity.collab-proxy/Editor/Configuration/CredentialsUIImpl.cs - Importer: ScriptedImporter/UnityEditor.QuickSearchModule:UnityEditor.Search:ASIAI0B' with importer (ScriptedImporter : UnityEditor.QuickSearchModule:UnityEditor.Search:ASIAI0B)
Imported 'GUID: 50d82b3e371b7cc42abc2999039b19cb' -> (Import Result ID: '234319fe6d90f5dccb806e5e95574564') in 0.022 seconds [static and dynamic dependencies]. Details - ImportResultOutputID=4464d01e7f0bbfcc7b922b331997cdea DependenciesID=7b0bc59f4555793bed5050632f36365d StaticDependenciesID=844c90214086c8f61fbd83aff53b31c3 
Number of updated asset objects reloaded before import = 0
Number of asset objects unloaded after import = 0
========================================================================
Received Import Request.
  Time of request: 2026-09-13T12:49:49.4668331Z
  Time since last request: 0.0014787 seconds.
  importAddress: GUID: 10217cf897d5d554f959f089ba9d38d2 - Path: Packages/com.unity.collab-proxy/Editor/CodeEditor/TextEditorComponent.cs - Importer: ScriptedImporter/UnityEditor.QuickSearchModule:UnityEditor.Search:ASIAI0B
Importing 'GUID: 10217cf897d5d554f959f089ba9d38d2 - Path: Packages/com.unity.collab-proxy/Editor/CodeEditor/TextEditorComponent.cs - Importer: ScriptedImporter/UnityEditor.QuickSearchModule:UnityEditor.Search:ASIAI0B' with importer (ScriptedImporter : UnityEditor.QuickSearchModule:UnityEditor.Search:ASIAI0B)
Imported 'GUID: 10217cf897d5d554f959f089ba9d38d2' -> (Import Result ID: 'ea300220cb5a01dbc948f8f20a5d8950') in 0.023 seconds [static and dynamic dependencies]. Details - ImportResultOutputID=67bf0918fb9dc5e49c399593d9e571e3 DependenciesID=3f278b2c88aefeeb6543c4ae49c412db StaticDependenciesID=cb3f9c7ff5c20d71d341fbe383336ce7 
Number of updated asset objects reloaded before import = 0
Number of asset objects unloaded after import = 0
========================================================================
Received Import Request.
  Time of request: 2026-09-13T12:49:49.4923768Z
  Time since last request: 0.0014617 seconds.
  importAddress: GUID: 408f89d90a01494cbef838c7d21449a9 - Path: Packages/com.unity.collab-proxy/Editor/AssetOverlays/AssetOverlay.cs - Importer: ScriptedImporter/UnityEditor.QuickSearchModule:UnityEditor.Search:ASIAI0B
Importing 'GUID: 408f89d90a01494cbef838c7d21449a9 - Path: Packages/com.unity.collab-proxy/Editor/AssetOverlays/AssetOverlay.cs - Importer: ScriptedImporter/UnityEditor.QuickSearchModule:UnityEditor.Search:ASIAI0B' with importer (ScriptedImporter : UnityEditor.QuickSearchModule:UnityEditor.Search:ASIAI0B)
Imported 'GUID: 408f89d90a01494cbef838c7d21449a9' -> (Import Result ID: 'beb90b0d23d41b8f017fa763c35d9b69') in 0.016 seconds [static and dynamic dependencies]. Details - ImportResultOutputID=3816a4357471db5b2002eb8ef2238a1b DependenciesID=bb0d6b72aa76a512d7120b1aec6a72f7 StaticDependenciesID=92c19b3b500d1af26726e96ecb7d7a23 
Number of updated asset objects reloaded before import = 0
Number of asset objects unloaded after import = 0
========================================================================
Received Import Request.
  Time of request: 2026-09-13T12:49:49.5099121Z
  Time since last request: 0.0011499 seconds.
  importAddress: GUID: 08c46e1f56d34c62ba9e0107516e21db - Path: Packages/com.unity.collab-proxy/Editor/Diff/UnityDiffWindow.cs - Importer: ScriptedImporter/UnityEditor.QuickSearchModule:UnityEditor.Search:ASIAI0B
Importing 'GUID: 08c46e1f56d34c62ba9e0107516e21db - Path: Packages/com.unity.collab-proxy/Editor/Diff/UnityDiffWindow.cs - Importer: ScriptedImporter/UnityEditor.QuickSearchModule:UnityEditor.Search:ASIAI0B' with importer (ScriptedImporter : UnityEditor.QuickSearchModule:UnityEditor.Search:ASIAI0B)
Imported 'GUID: 08c46e1f56d34c62ba9e0107516e21db' -> (Import Result ID: '95447f9e9cca964951625c575d96c1a5') in 0.030 seconds [static and dynamic dependencies]. Details - ImportResultOutputID=d526dbb3fc4dae93d51b919b242f80d9 DependenciesID=dfe269308420ca7dc12ea9aab5485d14 StaticDependenciesID=7ea0f88bd762973c582c918aef67b023 
Number of updated asset objects reloaded before import = 0
Number of asset objects unloaded after import = 0
========================================================================
Received Import Request.
  Time of request: 2026-09-13T12:49:49.5417883Z
  Time since last request: 0.001133 seconds.
  importAddress: GUID: f1969c6a4a44a474983058896f48d9f5 - Path: Packages/com.unity.collab-proxy/Editor/Configuration/SSOCredentialsDialog.cs - Importer: ScriptedImporter/UnityEditor.QuickSearchModule:UnityEditor.Search:ASIAI0B
Importing 'GUID: f1969c6a4a44a474983058896f48d9f5 - Path: Packages/com.unity.collab-proxy/Editor/Configuration/SSOCredentialsDialog.cs - Importer: ScriptedImporter/UnityEditor.QuickSearchModule:UnityEditor.Search:ASIAI0B' with importer (ScriptedImporter : UnityEditor.QuickSearchModule:UnityEditor.Search:ASIAI0B)
Imported 'GUID: f1969c6a4a44a474983058896f48d9f5' -> (Import Result ID: 'fb22e1d816fb838de2507c937bc96203') in 0.019 seconds [static and dynamic dependencies]. Details - ImportResultOutputID=a65a8c12a84dfcd4c2f697a034a39aca DependenciesID=3dc2fa97d04103529077f3c5c2e886ac StaticDependenciesID=2f8a8348290468f1fbb6cf35e4759c61 
Number of updated asset objects reloaded before import = 0
Number of asset objects unloaded after import = 0
========================================================================
Received Import Request.
  Time of request: 2026-09-13T12:49:49.5630235Z
  Time since last request: 0.0011652 seconds.
  importAddress: GUID: 4f6e4f3809c687045b21461609e2f78b - Path: Packages/com.unity.collab-proxy/Editor/Configuration/MissingEncryptionPasswordPromptHandler.cs - Importer: ScriptedImporter/UnityEditor.QuickSearchModule:UnityEditor.Search:ASIAI0B
Importing 'GUID: 4f6e4f3809c687045b21461609e2f78b - Path: Packages/com.unity.collab-proxy/Editor/Configuration/MissingEncryptionPasswordPromptHandler.cs - Importer: ScriptedImporter/UnityEditor.QuickSearchModule:UnityEditor.Search:ASIAI0B' with importer (ScriptedImporter : UnityEditor.QuickSearchModule:UnityEditor.Search:ASIAI0B)
Imported 'GUID: 4f6e4f3809c687045b21461609e2f78b' -> (Import Result ID: 'bcceaaa2f57431715e1912e0eeac7c51') in 0.030 seconds [static and dynamic dependencies]. Details - ImportResultOutputID=9882c24e2c48879daecea817fa0154c0 DependenciesID=48fba22ab68e0be1c5aa6c48ff018538 StaticDependenciesID=3b8cb78141d89acb0d508ada48ba40dc 
Number of updated asset objects reloaded before import = 0
Number of asset objects unloaded after import = 0
========================================================================
Received Import Request.
  Time of request: 2026-09-13T12:49:49.5964008Z
  Time since last request: 0.0023276 seconds.
  importAddress: GUID: ece87ac87e134800b8fcec1a55ec6e9f - Path: Packages/com.unity.collab-proxy/Editor/Diff/SaveChangeInfo.cs - Importer: ScriptedImporter/UnityEditor.QuickSearchModule:UnityEditor.Search:ASIAI0B
Importing 'GUID: ece87ac87e134800b8fcec1a55ec6e9f - Path: Packages/com.unity.collab-proxy/Editor/Diff/SaveChangeInfo.cs - Importer: ScriptedImporter/UnityEditor.QuickSearchModule:UnityEditor.Search:ASIAI0B' with importer (ScriptedImporter : UnityEditor.QuickSearchModule:UnityEditor.Search:ASIAI0B)
Imported 'GUID: ece87ac87e134800b8fcec1a55ec6e9f' -> (Import Result ID: 'b0811ac7f323135e8eb76625aced8bc3') in 0.055 seconds [static and dynamic dependencies]. Details - ImportResultOutputID=58f2c7aa6f4556cfdfd7c9d3e4999d25 DependenciesID=2f898d0cb0a2af54620c7930a6d0ca29 StaticDependenciesID=b4dc427a21a6114e19b28ede9991646b 
Number of updated asset objects reloaded before import = 0
Number of asset objects unloaded after import = 0
========================================================================
Received Import Request.
  Time of request: 2026-09-13T12:49:49.655402Z
  Time since last request: 0.0029185 seconds.
  importAddress: GUID: f1b80531a496e644abedd795c21274cb - Path: Packages/com.unity.collab-proxy/Editor/Developer/ProgressOperationHandler.cs - Importer: ScriptedImporter/UnityEditor.QuickSearchModule:UnityEditor.Search:ASIAI0B
Importing 'GUID: f1b80531a496e644abedd795c21274cb - Path: Packages/com.unity.collab-proxy/Editor/Developer/ProgressOperationHandler.cs - Importer: ScriptedImporter/UnityEditor.QuickSearchModule:UnityEditor.Search:ASIAI0B' with importer (ScriptedImporter : UnityEditor.QuickSearchModule:UnityEditor.Search:ASIAI0B)
Imported 'GUID: f1b80531a496e644abedd795c21274cb' -> (Import Result ID: 'c27d1a233b92b5a1d642e26b811a757b') in 0.018 seconds [static and dynamic dependencies]. Details - ImportResultOutputID=279d40af8f61953a5b0e427df9a06305 DependenciesID=a8a5224cab8dea7a2b935b152855175f StaticDependenciesID=d4dd2d3a349b0a7827126fa6edf911e0 
Number of updated asset objects reloaded before import = 0
Number of asset objects unloaded after import = 0
========================================================================
Received Import Request.
  Time of request: 2026-09-13T12:49:49.6768764Z
  Time since last request: 0.0017762 seconds.
  importAddress: GUID: 1acfe7cc6c5909f4a954500ea46f9123 - Path: Packages/com.unity.collab-proxy/Editor/CodeEditor/TextViewPosition.cs - Importer: ScriptedImporter/UnityEditor.QuickSearchModule:UnityEditor.Search:ASIAI0B
Importing 'GUID: 1acfe7cc6c5909f4a954500ea46f9123 - Path: Packages/com.unity.collab-proxy/Editor/CodeEditor/TextViewPosition.cs - Importer: ScriptedImporter/UnityEditor.QuickSearchModule:UnityEditor.Search:ASIAI0B' with importer (ScriptedImporter : UnityEditor.QuickSearchModule:UnityEditor.Search:ASIAI0B)
Imported 'GUID: 1acfe7cc6c5909f4a954500ea46f9123' -> (Import Result ID: '2ca31b5a4d8f7293dc897b2a9c2eccd6') in 0.023 seconds [static and dynamic dependencies]. Details - ImportResultOutputID=3c91190bb54351c48484e1b8870ca99f DependenciesID=2273f757ed5443375f5db5a391d0df19 StaticDependenciesID=ade85c80d1021347f52e3d8fe40f252f 
Number of updated asset objects reloaded before import = 0
Number of asset objects unloaded after import = 0
========================================================================
Received Import Request.
  Time of request: 2026-09-13T12:49:49.7092001Z
  Time since last request: 0.0067651 seconds.
  importAddress: GUID: a7785ffd4a2444038c73d694d2bf3a80 - Path: Packages/com.unity.collab-proxy/Editor/Entities/GetSubScenePathFromInstance.cs - Importer: ScriptedImporter/UnityEditor.QuickSearchModule:UnityEditor.Search:ASIAI0B
Importing 'GUID: a7785ffd4a2444038c73d694d2bf3a80 - Path: Packages/com.unity.collab-proxy/Editor/Entities/GetSubScenePathFromInstance.cs - Importer: ScriptedImporter/UnityEditor.QuickSearchModule:UnityEditor.Search:ASIAI0B' with importer (ScriptedImporter : UnityEditor.QuickSearchModule:UnityEditor.Search:ASIAI0B)
Imported 'GUID: a7785ffd4a2444038c73d694d2bf3a80' -> (Import Result ID: '8fa447be6da27e8431bac839a901d30c') in 0.019 seconds [static and dynamic dependencies]. Details - ImportResultOutputID=528384b70537a017e2c633016334e272 DependenciesID=fe2994e08737cf0b86ba02584c57d948 StaticDependenciesID=84efa8cdafddc23b8c06fe7c605ee740 
Number of updated asset objects reloaded before import = 0
Number of asset objects unloaded after import = 0
========================================================================
Received Import Request.
  Time of request: 2026-09-13T12:49:49.7304286Z
  Time since last request: 0.0014098 seconds.
  importAddress: GUID: 7a0528634c1324f47b7e2e59266dfa4c - Path: Packages/com.unity.collab-proxy/Editor/Developer/CheckinProgress.cs - Importer: ScriptedImporter/UnityEditor.QuickSearchModule:UnityEditor.Search:ASIAI0B
Importing 'GUID: 7a0528634c1324f47b7e2e59266dfa4c - Path: Packages/com.unity.collab-proxy/Editor/Developer/CheckinProgress.cs - Importer: ScriptedImporter/UnityEditor.QuickSearchModule:UnityEditor.Search:ASIAI0B' with importer (ScriptedImporter : UnityEditor.QuickSearchModule:UnityEditor.Search:ASIAI0B)
Imported 'GUID: 7a0528634c1324f47b7e2e59266dfa4c' -> (Import Result ID: '1f97f85348d59a282cd0d99fff2aa7fa') in 0.022 seconds [static and dynamic dependencies]. Details - ImportResultOutputID=0aa5014d892a380f61902324617c343e DependenciesID=d4e4583c088239f2471a36af4c9c2386 StaticDependenciesID=90839c131c38ffd7d201f78393f325a1 
Number of updated asset objects reloaded before import = 0
Number of asset objects unloaded after import = 0
========================================================================
Received Import Request.
  Time of request: 2026-09-13T12:49:49.7562085Z
  Time since last request: 0.0022084 seconds.
  importAddress: GUID: c46424c57c6462945b14ac0c95281406 - Path: Packages/com.unity.collab-proxy/Editor/Configuration/CredentialsDialog.cs - Importer: ScriptedImporter/UnityEditor.QuickSearchModule:UnityEditor.Search:ASIAI0B
Importing 'GUID: c46424c57c6462945b14ac0c95281406 - Path: Packages/com.unity.collab-proxy/Editor/Configuration/CredentialsDialog.cs - Importer: ScriptedImporter/UnityEditor.QuickSearchModule:UnityEditor.Search:ASIAI0B' with importer (ScriptedImporter : UnityEditor.QuickSearchModule:UnityEditor.Search:ASIAI0B)
Imported 'GUID: c46424c57c6462945b14ac0c95281406' -> (Import Result ID: '8d7d662216037515af8653cd637ede8e') in 0.017 seconds [static and dynamic dependencies]. Details - ImportResultOutputID=8aac0a4c890aab8714f42249c2d911d2 DependenciesID=838190e2aa0c5a5a7f57d74c4d66cbce StaticDependenciesID=d06a231a28b3602bb85e1545097bbe17 
Number of updated asset objects reloaded before import = 0
Number of asset objects unloaded after import = 0
========================================================================
Received Import Request.
  Time of request: 2026-09-13T12:49:49.7746782Z
  Time since last request: 0.0009449 seconds.
  importAddress: GUID: 3ca37c23169aa469dbf15a7acb988d05 - Path: Packages/com.unity.collab-proxy/Editor/Assistant/AssemblyInfo.cs - Importer: ScriptedImporter/UnityEditor.QuickSearchModule:UnityEditor.Search:ASIAI0B
Importing 'GUID: 3ca37c23169aa469dbf15a7acb988d05 - Path: Packages/com.unity.collab-proxy/Editor/Assistant/AssemblyInfo.cs - Importer: ScriptedImporter/UnityEditor.QuickSearchModule:UnityEditor.Search:ASIAI0B' with importer (ScriptedImporter : UnityEditor.QuickSearchModule:UnityEditor.Search:ASIAI0B)
Imported 'GUID: 3ca37c23169aa469dbf15a7acb988d05' -> (Import Result ID: '40ae17034307caf77ad6b4de7f0421d5') in 0.018 seconds [static and dynamic dependencies]. Details - ImportResultOutputID=3cfa62c80161920bd8070310fe2b03f6 DependenciesID=0078e9d9fad80babaad68f7616194e84 StaticDependenciesID=39e3d5c91c2f1e5825eff3e76b5583e0 
Number of updated asset objects reloaded before import = 0
Number of asset objects unloaded after import = 0
========================================================================
Received Import Request.
  Time of request: 2026-09-13T12:49:49.7958793Z
  Time since last request: 0.0015984 seconds.
  importAddress: GUID: 26e3da9604f1418d8da4a0b39108d6e7 - Path: Packages/com.unity.collab-proxy/Editor/Diff/DiffMessagePanel.cs - Importer: ScriptedImporter/UnityEditor.QuickSearchModule:UnityEditor.Search:ASIAI0B
Importing 'GUID: 26e3da9604f1418d8da4a0b39108d6e7 - Path: Packages/com.unity.collab-proxy/Editor/Diff/DiffMessagePanel.cs - Importer: ScriptedImporter/UnityEditor.QuickSearchModule:UnityEditor.Search:ASIAI0B' with importer (ScriptedImporter : UnityEditor.QuickSearchModule:UnityEditor.Search:ASIAI0B)
Imported 'GUID: 26e3da9604f1418d8da4a0b39108d6e7' -> (Import Result ID: 'a59bea951271d7e0df41b7ac2598f469') in 0.031 seconds [static and dynamic dependencies]. Details - ImportResultOutputID=9a714b6e56c395d0bbe4fbadaf938fd6 DependenciesID=7ff0a3ed1633bc565255c5e709534bb1 StaticDependenciesID=ab1dbd5568ffa7fe9067f3713059aabb 
Number of updated asset objects reloaded before import = 0
Number of asset objects unloaded after import = 0
========================================================================
Received Import Request.
  Time of request: 2026-09-13T12:49:49.829224Z
  Time since last request: 0.0016916 seconds.
  importAddress: GUID: 7c21251ff4b7d844292a388e81e47e59 - Path: Packages/com.unity.collab-proxy/Editor/Configuration/AutoConfig.cs - Importer: ScriptedImporter/UnityEditor.QuickSearchModule:UnityEditor.Search:ASIAI0B
Importing 'GUID: 7c21251ff4b7d844292a388e81e47e59 - Path: Packages/com.unity.collab-proxy/Editor/Configuration/AutoConfig.cs - Importer: ScriptedImporter/UnityEditor.QuickSearchModule:UnityEditor.Search:ASIAI0B' with importer (ScriptedImporter : UnityEditor.QuickSearchModule:UnityEditor.Search:ASIAI0B)
Imported 'GUID: 7c21251ff4b7d844292a388e81e47e59' -> (Import Result ID: '74da8e38bee7c53dbf7fe5f79f680564') in 0.016 seconds [static and dynamic dependencies]. Details - ImportResultOutputID=e3cb5158bf8c07cce9679e81d4336695 DependenciesID=a7c6acb9674119d1010932062df522b4 StaticDependenciesID=1f7468b0ecce9530b580868d544ea1ea 
Number of updated asset objects reloaded before import = 0
Number of asset objects unloaded after import = 0
========================================================================
Received Import Request.
  Time of request: 2026-09-13T12:49:49.8476016Z
  Time since last request: 0.0014533 seconds.
  importAddress: GUID: 4a1d41c16a2a049f389fd9cb47230775 - Path: Packages/com.unity.collab-proxy/Editor/CodeEditor/TextEditor.cs - Importer: ScriptedImporter/UnityEditor.QuickSearchModule:UnityEditor.Search:ASIAI0B
Importing 'GUID: 4a1d41c16a2a049f389fd9cb47230775 - Path: Packages/com.unity.collab-proxy/Editor/CodeEditor/TextEditor.cs - Importer: ScriptedImporter/UnityEditor.QuickSearchModule:UnityEditor.Search:ASIAI0B' with importer (ScriptedImporter : UnityEditor.QuickSearchModule:UnityEditor.Search:ASIAI0B)
Imported 'GUID: 4a1d41c16a2a049f389fd9cb47230775' -> (Import Result ID: '6dd96aa543138a0c863cfd2ee17f0d1d') in 0.011 seconds [static and dynamic dependencies]. Details - ImportResultOutputID=947d1a075c53b4527f5435844c92d852 DependenciesID=07dc561b6f9a17cb3943ca8b7354bff4 StaticDependenciesID=d7ccad6337528fee3f1a331a01c8ff5c 
Number of updated asset objects reloaded before import = 0
Number of asset objects unloaded after import = 0
========================================================================
Received Import Request.
  Time of request: 2026-09-13T12:49:49.8609669Z
  Time since last request: 0.0015835 seconds.
  importAddress: GUID: 22904cb954eb4a2e9bcae493741b96e6 - Path: Packages/com.unity.collab-proxy/Editor/Diff/DiffTextViewBuilder.cs - Importer: ScriptedImporter/UnityEditor.QuickSearchModule:UnityEditor.Search:ASIAI0B
Importing 'GUID: 22904cb954eb4a2e9bcae493741b96e6 - Path: Packages/com.unity.collab-proxy/Editor/Diff/DiffTextViewBuilder.cs - Importer: ScriptedImporter/UnityEditor.QuickSearchModule:UnityEditor.Search:ASIAI0B' with importer (ScriptedImporter : UnityEditor.QuickSearchModule:UnityEditor.Search:ASIAI0B)
Imported 'GUID: 22904cb954eb4a2e9bcae493741b96e6' -> (Import Result ID: '00e99b296b8993e3478e91fff96a1ddb') in 0.013 seconds [static and dynamic dependencies]. Details - ImportResultOutputID=36c9c75189cc35ba2af2dad77ca904fc DependenciesID=61e2d276d7c3e31c29c4073171434dd9 StaticDependenciesID=a17406d09d161e27dee87a2791f44460 
Number of updated asset objects reloaded before import = 0
Number of asset objects unloaded after import = 0
========================================================================
Received Import Request.
  Time of request: 2026-09-13T12:49:49.8753424Z
  Time since last request: 0.0009754 seconds.
  importAddress: GUID: d30dfeb72257204458e1e8e1576b84ba - Path: Packages/com.unity.collab-proxy/Editor/AssetOverlays/DrawProjectOverlay.cs - Importer: ScriptedImporter/UnityEditor.QuickSearchModule:UnityEditor.Search:ASIAI0B
Importing 'GUID: d30dfeb72257204458e1e8e1576b84ba - Path: Packages/com.unity.collab-proxy/Editor/AssetOverlays/DrawProjectOverlay.cs - Importer: ScriptedImporter/UnityEditor.QuickSearchModule:UnityEditor.Search:ASIAI0B' with importer (ScriptedImporter : UnityEditor.QuickSearchModule:UnityEditor.Search:ASIAI0B)
Imported 'GUID: d30dfeb72257204458e1e8e1576b84ba' -> (Import Result ID: '0cf08c5d91a54353e6e62e5c80b1016a') in 0.017 seconds [static and dynamic dependencies]. Details - ImportResultOutputID=e38c8becaa7f7ccf5816d958cd39ef01 DependenciesID=a3885b0a29c65116bb0a62ec28e80d44 StaticDependenciesID=e0700a9a8eb76a7b53363d2fe52bd940 
Number of updated asset objects reloaded before import = 0
Number of asset objects unloaded after import = 0
========================================================================
Received Import Request.
  Time of request: 2026-09-13T12:49:49.8953291Z
  Time since last request: 0.0016425 seconds.
  importAddress: GUID: a077a49d9db9de74f827f0568f6e65c2 - Path: Packages/com.unity.collab-proxy/Editor/AssetsUtils/AssetsPath.cs - Importer: ScriptedImporter/UnityEditor.QuickSearchModule:UnityEditor.Search:ASIAI0B
Importing 'GUID: a077a49d9db9de74f827f0568f6e65c2 - Path: Packages/com.unity.collab-proxy/Editor/AssetsUtils/AssetsPath.cs - Importer: ScriptedImporter/UnityEditor.QuickSearchModule:UnityEditor.Search:ASIAI0B' with importer (ScriptedImporter : UnityEditor.QuickSearchModule:UnityEditor.Search:ASIAI0B)
Imported 'GUID: a077a49d9db9de74f827f0568f6e65c2' -> (Import Result ID: '6df5b6aa5cad1988a44afa7b64bbfddb') in 0.013 seconds [static and dynamic dependencies]. Details - ImportResultOutputID=12343b9581a205abe3e8e3b7a9d4c7f7 DependenciesID=2200cee5322454a6b54f2f02a761966c StaticDependenciesID=8b724833711ddca669ecce8d08a92242 
Number of updated asset objects reloaded before import = 0
Number of asset objects unloaded after import = 0
========================================================================
Received Import Request.
  Time of request: 2026-09-13T12:49:49.9116881Z
  Time since last request: 0.0010334 seconds.
  importAddress: GUID: 2225873219944bac82cbf7bb0a2b5153 - Path: Packages/com.unity.collab-proxy/Editor/Diff/DiffMergeColorThemeSetter.cs - Importer: ScriptedImporter/UnityEditor.QuickSearchModule:UnityEditor.Search:ASIAI0B
Importing 'GUID: 2225873219944bac82cbf7bb0a2b5153 - Path: Packages/com.unity.collab-proxy/Editor/Diff/DiffMergeColorThemeSetter.cs - Importer: ScriptedImporter/UnityEditor.QuickSearchModule:UnityEditor.Search:ASIAI0B' with importer (ScriptedImporter : UnityEditor.QuickSearchModule:UnityEditor.Search:ASIAI0B)
Imported 'GUID: 2225873219944bac82cbf7bb0a2b5153' -> (Import Result ID: 'ad8fac759873c834dca90a1aa78c1d67') in 0.014 seconds [static and dynamic dependencies]. Details - ImportResultOutputID=edb7cf8489c16951397d70e84e13466e DependenciesID=57267a3fe994607938d151d5b741149a StaticDependenciesID=52e5cac78251a78af60e22744eb7cb9f 
Number of updated asset objects reloaded before import = 0
Number of asset objects unloaded after import = 0
========================================================================
Received Import Request.
  Time of request: 2026-09-13T12:49:49.9275028Z
  Time since last request: 0.0011292 seconds.
  importAddress: GUID: 2b3223ee740687445a7e4bc793fa2aae - Path: Packages/com.unity.collab-proxy/Editor/Configuration/ConfigurePartialWorkspace.cs - Importer: ScriptedImporter/UnityEditor.QuickSearchModule:UnityEditor.Search:ASIAI0B
Importing 'GUID: 2b3223ee740687445a7e4bc793fa2aae - Path: Packages/com.unity.collab-proxy/Editor/Configuration/ConfigurePartialWorkspace.cs - Importer: ScriptedImporter/UnityEditor.QuickSearchModule:UnityEditor.Search:ASIAI0B' with importer (ScriptedImporter : UnityEditor.QuickSearchModule:UnityEditor.Search:ASIAI0B)
Imported 'GUID: 2b3223ee740687445a7e4bc793fa2aae' -> (Import Result ID: 'a64e576b7b9202079fa7991d0fc5476f') in 0.016 seconds [static and dynamic dependencies]. Details - ImportResultOutputID=3f8260564fa46406d364b2db26ff20c9 DependenciesID=ba62b4a3dec46e251a9e4cbe5bd7443c StaticDependenciesID=2afacdd56efc0b708b59bf6e2360d0b1 
Number of updated asset objects reloaded before import = 0
Number of asset objects unloaded after import = 0
========================================================================
Received Import Request.
  Time of request: 2026-09-13T12:49:49.9464147Z
  Time since last request: 0.0014758 seconds.
  importAddress: GUID: d9369fa547ca81b4fafa42a3e74c1b7a - Path: Packages/com.unity.collab-proxy/Editor/AssetsUtils/GetSelectedPaths.cs - Importer: ScriptedImporter/UnityEditor.QuickSearchModule:UnityEditor.Search:ASIAI0B
Importing 'GUID: d9369fa547ca81b4fafa42a3e74c1b7a - Path: Packages/com.unity.collab-proxy/Editor/AssetsUtils/GetSelectedPaths.cs - Importer: ScriptedImporter/UnityEditor.QuickSearchModule:UnityEditor.Search:ASIAI0B' with importer (ScriptedImporter : UnityEditor.QuickSearchModule:UnityEditor.Search:ASIAI0B)
Imported 'GUID: d9369fa547ca81b4fafa42a3e74c1b7a' -> (Import Result ID: 'c02db4106f88f8bbfebf90b7d86efc11') in 0.017 seconds [static and dynamic dependencies]. Details - ImportResultOutputID=47f72f96b7338b17239c976e5ef48455 DependenciesID=cd804b59f625798102f1e9743281fbd3 StaticDependenciesID=e35d6bf9a618a43e1f37e6ca43beb8e4 
Number of updated asset objects reloaded before import = 0
Number of asset objects unloaded after import = 0
========================================================================
Received Import Request.
  Time of request: 2026-09-13T12:49:49.9657746Z
  Time since last request: 0.0014567 seconds.
  importAddress: GUID: edf8d7a4bab748b4a77c198d33394e58 - Path: Packages/com.unity.collab-proxy/Editor/Configuration/ClientConfiguration.cs - Importer: ScriptedImporter/UnityEditor.QuickSearchModule:UnityEditor.Search:ASIAI0B
Importing 'GUID: edf8d7a4bab748b4a77c198d33394e58 - Path: Packages/com.unity.collab-proxy/Editor/Configuration/ClientConfiguration.cs - Importer: ScriptedImporter/UnityEditor.QuickSearchModule:UnityEditor.Search:ASIAI0B' with importer (ScriptedImporter : UnityEditor.QuickSearchModule:UnityEditor.Search:ASIAI0B)
Imported 'GUID: edf8d7a4bab748b4a77c198d33394e58' -> (Import Result ID: '23002fd20f3ef960b806e725368973ed') in 0.015 seconds [static and dynamic dependencies]. Details - ImportResultOutputID=b742fae2f29be96e8958bb181532bb0e DependenciesID=4d92c1ed9ae939a28ddb0e83cf3360bb StaticDependenciesID=cd4557c9b86e86edfbe64a825abbc653 
Number of updated asset objects reloaded before import = 0
Number of asset objects unloaded after import = 0
========================================================================
Received Import Request.
  Time of request: 2026-09-13T12:49:49.9829983Z
  Time since last request: 0.0015189 seconds.
  importAddress: GUID: fe8d056c7f649402c8690ade1bc20eb5 - Path: Packages/com.unity.collab-proxy/Editor/Diff/EditedTextBlockMarker.cs - Importer: ScriptedImporter/UnityEditor.QuickSearchModule:UnityEditor.Search:ASIAI0B
Importing 'GUID: fe8d056c7f649402c8690ade1bc20eb5 - Path: Packages/com.unity.collab-proxy/Editor/Diff/EditedTextBlockMarker.cs - Importer: ScriptedImporter/UnityEditor.QuickSearchModule:UnityEditor.Search:ASIAI0B' with importer (ScriptedImporter : UnityEditor.QuickSearchModule:UnityEditor.Search:ASIAI0B)
Imported 'GUID: fe8d056c7f649402c8690ade1bc20eb5' -> (Import Result ID: '4e1d2f6e67d056cd444ff6f18ea7eea5') in 0.018 seconds [static and dynamic dependencies]. Details - ImportResultOutputID=a7290ed42767f6c8cbbe137acf43d853 DependenciesID=9b71f970a99399f425ddda1bbef90377 StaticDependenciesID=0fa56eeafcfdd8f9b24d37ac49029cb5 
Number of updated asset objects reloaded before import = 0
Number of asset objects unloaded after import = 0
========================================================================
Received Import Request.
  Time of request: 2026-09-13T12:49:50.003191Z
  Time since last request: 0.0007896 seconds.
  importAddress: GUID: 7c8a8e3e4456f9149905cf2c80aa41a9 - Path: Packages/com.unity.collab-proxy/Editor/AssetMenu/ProjectViewUVCSAssetMenu.cs - Importer: ScriptedImporter/UnityEditor.QuickSearchModule:UnityEditor.Search:ASIAI0B
Importing 'GUID: 7c8a8e3e4456f9149905cf2c80aa41a9 - Path: Packages/com.unity.collab-proxy/Editor/AssetMenu/ProjectViewUVCSAssetMenu.cs - Importer: ScriptedImporter/UnityEditor.QuickSearchModule:UnityEditor.Search:ASIAI0B' with importer (ScriptedImporter : UnityEditor.QuickSearchModule:UnityEditor.Search:ASIAI0B)
Imported 'GUID: 7c8a8e3e4456f9149905cf2c80aa41a9' -> (Import Result ID: '4ec163bea1e2d8a78b481834c97e36ff') in 0.015 seconds [static and dynamic dependencies]. Details - ImportResultOutputID=c5af8d0096fd81f7ffbdd68bd750ef60 DependenciesID=fa094cea3e0e134b9e18e368c8bbbcfe StaticDependenciesID=afba37e3575cab543d71d6cd3ecc07a7 
Number of updated asset objects reloaded before import = 0
Number of asset objects unloaded after import = 0
========================================================================
Received Import Request.
  Time of request: 2026-09-13T12:49:50.0201436Z
  Time since last request: 0.0004832 seconds.
  importAddress: GUID: 7495e44f1cb132745a310485807e68f6 - Path: Packages/com.unity.collab-proxy/Editor/AssetsUtils/RefreshAsset.cs - Importer: ScriptedImporter/UnityEditor.QuickSearchModule:UnityEditor.Search:ASIAI0B
Importing 'GUID: 7495e44f1cb132745a310485807e68f6 - Path: Packages/com.unity.collab-proxy/Editor/AssetsUtils/RefreshAsset.cs - Importer: ScriptedImporter/UnityEditor.QuickSearchModule:UnityEditor.Search:ASIAI0B' with importer (ScriptedImporter : UnityEditor.QuickSearchModule:UnityEditor.Search:ASIAI0B)
Imported 'GUID: 7495e44f1cb132745a310485807e68f6' -> (Import Result ID: '5267d65e3afc3be4efbf43cd20d81495') in 0.021 seconds [static and dynamic dependencies]. Details - ImportResultOutputID=d24c1d5b33232bddb7531463ff044f53 DependenciesID=a501b4686ddde0ed434b772dd8247e7f StaticDependenciesID=b124fadfaae9212c5b6d98ae5cbdc07a 
Number of updated asset objects reloaded before import = 0
Number of asset objects unloaded after import = 0
========================================================================
Received Import Request.
  Time of request: 2026-09-13T12:49:50.0425632Z
  Time since last request: 0.0011453 seconds.
  importAddress: GUID: 14df2a8f74d04d89a24fbbad8cf2037b - Path: Packages/com.unity.collab-proxy/Editor/CloudDrive/RefreshAsset.cs - Importer: ScriptedImporter/UnityEditor.QuickSearchModule:UnityEditor.Search:ASIAI0B
Importing 'GUID: 14df2a8f74d04d89a24fbbad8cf2037b - Path: Packages/com.unity.collab-proxy/Editor/CloudDrive/RefreshAsset.cs - Importer: ScriptedImporter/UnityEditor.QuickSearchModule:UnityEditor.Search:ASIAI0B' with importer (ScriptedImporter : UnityEditor.QuickSearchModule:UnityEditor.Search:ASIAI0B)
Imported 'GUID: 14df2a8f74d04d89a24fbbad8cf2037b' -> (Import Result ID: 'b15fa91edf6ece3c80a984599b2c031a') in 0.014 seconds [static and dynamic dependencies]. Details - ImportResultOutputID=6b9b2c0aa67e5cb446cfe9436c1052f5 DependenciesID=8fe43c3f3a57d0e962236137cb2b590e StaticDependenciesID=cef7d87f9bc095c4a6ec6657569dae2b 
Number of updated asset objects reloaded before import = 0
Number of asset objects unloaded after import = 0
========================================================================
Received Import Request.
  Time of request: 2026-09-13T12:49:50.0583106Z
  Time since last request: 0.001292 seconds.
  importAddress: GUID: 9203e3f44c0ecfd42953709384a56c4d - Path: Packages/com.unity.collab-proxy/Editor/AssetsUtils/RepaintEditor.cs - Importer: ScriptedImporter/UnityEditor.QuickSearchModule:UnityEditor.Search:ASIAI0B
Importing 'GUID: 9203e3f44c0ecfd42953709384a56c4d - Path: Packages/com.unity.collab-proxy/Editor/AssetsUtils/RepaintEditor.cs - Importer: ScriptedImporter/UnityEditor.QuickSearchModule:UnityEditor.Search:ASIAI0B' with importer (ScriptedImporter : UnityEditor.QuickSearchModule:UnityEditor.Search:ASIAI0B)
Imported 'GUID: 9203e3f44c0ecfd42953709384a56c4d' -> (Import Result ID: '3b644a446a0eccce7d5599e414afd3e9') in 0.032 seconds [static and dynamic dependencies]. Details - ImportResultOutputID=8054c3c6b40d9480d9f4a0305e2b36b3 DependenciesID=16f2bebec0cfdaa0f04bffe9d7f2fac5 StaticDependenciesID=cbd16743f40c92e1555d83616a373961 
Number of updated asset objects reloaded before import = 0
Number of asset objects unloaded after import = 0
========================================================================
Received Import Request.
  Time of request: 2026-09-13T12:49:50.0921543Z
  Time since last request: 0.0016593 seconds.
  importAddress: GUID: 69c93fadaeb340eca663fdeb3ba79614 - Path: Packages/com.unity.collab-proxy/Editor/CodeEditor/ScrollBarVisibility.cs - Importer: ScriptedImporter/UnityEditor.QuickSearchModule:UnityEditor.Search:ASIAI0B
Importing 'GUID: 69c93fadaeb340eca663fdeb3ba79614 - Path: Packages/com.unity.collab-proxy/Editor/CodeEditor/ScrollBarVisibility.cs - Importer: ScriptedImporter/UnityEditor.QuickSearchModule:UnityEditor.Search:ASIAI0B' with importer (ScriptedImporter : UnityEditor.QuickSearchModule:UnityEditor.Search:ASIAI0B)
Imported 'GUID: 69c93fadaeb340eca663fdeb3ba79614' -> (Import Result ID: 'abee08c33e7858e4ea876c8c28975f14') in 0.018 seconds [static and dynamic dependencies]. Details - ImportResultOutputID=e96d00af7ee0a7396916d261fb7cf31f DependenciesID=69c06ab42f6c12ff7c832688062b1806 StaticDependenciesID=6b650c82eb72f5d86255e065c6302b26 
Number of updated asset objects reloaded before import = 0
Number of asset objects unloaded after import = 0
========================================================================
Received Import Request.
  Time of request: 2026-09-13T12:49:50.1126315Z
  Time since last request: 0.0017728 seconds.
  importAddress: GUID: ad736c857532f410a8814a8d5dd96a84 - Path: Packages/com.unity.collab-proxy/Editor/CodeEditor/SearchPanelLocalization.cs - Importer: ScriptedImporter/UnityEditor.QuickSearchModule:UnityEditor.Search:ASIAI0B
Importing 'GUID: ad736c857532f410a8814a8d5dd96a84 - Path: Packages/com.unity.collab-proxy/Editor/CodeEditor/SearchPanelLocalization.cs - Importer: ScriptedImporter/UnityEditor.QuickSearchModule:UnityEditor.Search:ASIAI0B' with importer (ScriptedImporter : UnityEditor.QuickSearchModule:UnityEditor.Search:ASIAI0B)
Imported 'GUID: ad736c857532f410a8814a8d5dd96a84' -> (Import Result ID: 'a0f02a7252fb8e7ace78145bd6283582') in 0.017 seconds [static and dynamic dependencies]. Details - ImportResultOutputID=fa1836feffe91e13dedb87713d15f30e DependenciesID=a1748c03cb1642e2edd7ecb5a6ea72ed StaticDependenciesID=7fe89130249c9354ec6cb9cb69001067 
Number of updated asset objects reloaded before import = 0
Number of asset objects unloaded after import = 0
========================================================================
Received Import Request.
  Time of request: 2026-09-13T12:49:50.4213438Z
  Time since last request: 0.290518 seconds.
  importAddress: GUID: a863d083557069b458628045916c1724 - Path: Packages/com.unity.collab-proxy/Editor/Headless/HeadlessGluonViewHost.cs - Importer: ScriptedImporter/UnityEditor.QuickSearchModule:UnityEditor.Search:ASIAI0B
Importing 'GUID: a863d083557069b458628045916c1724 - Path: Packages/com.unity.collab-proxy/Editor/Headless/HeadlessGluonViewHost.cs - Importer: ScriptedImporter/UnityEditor.QuickSearchModule:UnityEditor.Search:ASIAI0B' with importer (ScriptedImporter : UnityEditor.QuickSearchModule:UnityEditor.Search:ASIAI0B)
Imported 'GUID: a863d083557069b458628045916c1724' -> (Import Result ID: 'c31c08051a5c7ff1230874e6ee986b8d') in 0.021 seconds [static and dynamic dependencies]. Details - ImportResultOutputID=3d41e52e188eef500d3d3e0f6b950d7f DependenciesID=23d41a683a13a5835db75017af184f38 StaticDependenciesID=bd5e22c9ae741f0b335d3ae4aec1ec58 
Number of updated asset objects reloaded before import = 0
Number of asset objects unloaded after import = 0
========================================================================
Received Import Request.
  Time of request: 2026-09-13T12:49:50.4451785Z
  Time since last request: 0.0020107 seconds.
  importAddress: GUID: d8da5f578b092c047880b2897f1adf08 - Path: Packages/com.unity.collab-proxy/Editor/Headless/HeadlessGluonUpdateReport.cs - Importer: ScriptedImporter/UnityEditor.QuickSearchModule:UnityEditor.Search:ASIAI0B
Importing 'GUID: d8da5f578b092c047880b2897f1adf08 - Path: Packages/com.unity.collab-proxy/Editor/Headless/HeadlessGluonUpdateReport.cs - Importer: ScriptedImporter/UnityEditor.QuickSearchModule:UnityEditor.Search:ASIAI0B' with importer (ScriptedImporter : UnityEditor.QuickSearchModule:UnityEditor.Search:ASIAI0B)
Imported 'GUID: d8da5f578b092c047880b2897f1adf08' -> (Import Result ID: '0f0fb66a1b6b0c2d8233ed55d68e531a') in 0.010 seconds [static and dynamic dependencies]. Details - ImportResultOutputID=e231853792fc0316212af78f38698295 DependenciesID=c4b0aaa319dcb2c3c96771589b1f6c7d StaticDependenciesID=4de41b617d50a76f7d7ac38deef0ee85 
Number of updated asset objects reloaded before import = 0
Number of asset objects unloaded after import = 0
========================================================================
Received Import Request.
  Time of request: 2026-09-13T12:49:50.4576737Z
  Time since last request: 0.0018312 seconds.
  importAddress: GUID: 537d6b35c9cc8bd42a656dfc8cb64948 - Path: Packages/com.unity.collab-proxy/Editor/Tool/AuthToken.cs - Importer: ScriptedImporter/UnityEditor.QuickSearchModule:UnityEditor.Search:ASIAI0B
Importing 'GUID: 537d6b35c9cc8bd42a656dfc8cb64948 - Path: Packages/com.unity.collab-proxy/Editor/Tool/AuthToken.cs - Importer: ScriptedImporter/UnityEditor.QuickSearchModule:UnityEditor.Search:ASIAI0B' with importer (ScriptedImporter : UnityEditor.QuickSearchModule:UnityEditor.Search:ASIAI0B)
Imported 'GUID: 537d6b35c9cc8bd42a656dfc8cb64948' -> (Import Result ID: '6eed7e776c39dd4a52c00e59e565968b') in 0.015 seconds [static and dynamic dependencies]. Details - ImportResultOutputID=be646a1c278935fa92dc46717b1c4d62 DependenciesID=7820463a362cbec43b6a16108f88c611 StaticDependenciesID=589b85955f1e3fa10f365112eb441212 
Number of updated asset objects reloaded before import = 0
Number of asset objects unloaded after import = 0
========================================================================
Received Import Request.
  Time of request: 2026-09-13T12:49:50.4767644Z
  Time since last request: 0.003836 seconds.
  importAddress: GUID: f957d659be9dee74fb0f993b67b2d044 - Path: Packages/com.unity.collab-proxy/Editor/Headless/HeadlessProgressControls.cs - Importer: ScriptedImporter/UnityEditor.QuickSearchModule:UnityEditor.Search:ASIAI0B
Importing 'GUID: f957d659be9dee74fb0f993b67b2d044 - Path: Packages/com.unity.collab-proxy/Editor/Headless/HeadlessProgressControls.cs - Importer: ScriptedImporter/UnityEditor.QuickSearchModule:UnityEditor.Search:ASIAI0B' with importer (ScriptedImporter : UnityEditor.QuickSearchModule:UnityEditor.Search:ASIAI0B)
Imported 'GUID: f957d659be9dee74fb0f993b67b2d044' -> (Import Result ID: '148a2f48af5788e6d781b1df547d5e3a') in 0.014 seconds [static and dynamic dependencies]. Details - ImportResultOutputID=b1ebae55b2fec10be62db7c7b677dff9 DependenciesID=379047996c3bdfeb4cc8ece7c75130d3 StaticDependenciesID=1227390032a34ed87680d20a56185b33 
Number of updated asset objects reloaded before import = 0
Number of asset objects unloaded after import = 0
========================================================================
Received Import Request.
  Time of request: 2026-09-13T12:49:50.492905Z
  Time since last request: 0.0016395 seconds.
  importAddress: GUID: a4431274b9694af98cec7d089835c6a4 - Path: Packages/com.unity.collab-proxy/Editor/Topbar/TopbarButtons.cs - Importer: ScriptedImporter/UnityEditor.QuickSearchModule:UnityEditor.Search:ASIAI0B
Importing 'GUID: a4431274b9694af98cec7d089835c6a4 - Path: Packages/com.unity.collab-proxy/Editor/Topbar/TopbarButtons.cs - Importer: ScriptedImporter/UnityEditor.QuickSearchModule:UnityEditor.Search:ASIAI0B' with importer (ScriptedImporter : UnityEditor.QuickSearchModule:UnityEditor.Search:ASIAI0B)
Imported 'GUID: a4431274b9694af98cec7d089835c6a4' -> (Import Result ID: 'f9ecdedeb5d71e67a0be653929d537fa') in 0.016 seconds [static and dynamic dependencies]. Details - ImportResultOutputID=72c7316182f51fd3ca9b964469c25433 DependenciesID=a18c7d54f51df697e6d0f9ef05a593a8 StaticDependenciesID=a6071dd944fe7a9cb2ffafe536bb64b4 
Number of updated asset objects reloaded before import = 0
Number of asset objects unloaded after import = 0
========================================================================
Received Import Request.
  Time of request: 2026-09-13T12:49:50.5123835Z
  Time since last request: 0.0026578 seconds.
  importAddress: GUID: ea76fa5a629244fa9ae3a8d3224aef02 - Path: Packages/com.unity.collab-proxy/Editor/Gluon/ShelvedChangesNotification.cs - Importer: ScriptedImporter/UnityEditor.QuickSearchModule:UnityEditor.Search:ASIAI0B
Importing 'GUID: ea76fa5a629244fa9ae3a8d3224aef02 - Path: Packages/com.unity.collab-proxy/Editor/Gluon/ShelvedChangesNotification.cs - Importer: ScriptedImporter/UnityEditor.QuickSearchModule:UnityEditor.Search:ASIAI0B' with importer (ScriptedImporter : UnityEditor.QuickSearchModule:UnityEditor.Search:ASIAI0B)
Imported 'GUID: ea76fa5a629244fa9ae3a8d3224aef02' -> (Import Result ID: 'fa6e1d1f46042145363ec3b5fd944f31') in 0.022 seconds [static and dynamic dependencies]. Details - ImportResultOutputID=73df4bc5e3e52870636d35019c74cb9d DependenciesID=433af820b4ff40d98e53f9c3d1062f45 StaticDependenciesID=776725b40f23678ca1c55f837d505937 
Number of updated asset objects reloaded before import = 0
Number of asset objects unloaded after import = 0
========================================================================
Received Import Request.
  Time of request: 2026-09-13T12:49:50.5385236Z
  Time since last request: 0.0035498 seconds.
  importAddress: GUID: 3c3253f17b35cd14ab618b470fb0e52a - Path: Packages/com.unity.collab-proxy/Editor/UI/DrawActionToolbar.cs - Importer: ScriptedImporter/UnityEditor.QuickSearchModule:UnityEditor.Search:ASIAI0B
Importing 'GUID: 3c3253f17b35cd14ab618b470fb0e52a - Path: Packages/com.unity.collab-proxy/Editor/UI/DrawActionToolbar.cs - Importer: ScriptedImporter/UnityEditor.QuickSearchModule:UnityEditor.Search:ASIAI0B' with importer (ScriptedImporter : UnityEditor.QuickSearchModule:UnityEditor.Search:ASIAI0B)
Imported 'GUID: 3c3253f17b35cd14ab618b470fb0e52a' -> (Import Result ID: '2686f76b3acf85358e35ad88d6474a33') in 0.020 seconds [static and dynamic dependencies]. Details - ImportResultOutputID=f29f38cb3e1e1ca9701c8d81c50ccf32 DependenciesID=3f0e1697905609339fac471db07258cf StaticDependenciesID=731e89ba7b0bc4c047790f156c060249 
Number of updated asset objects reloaded before import = 0
Number of asset objects unloaded after import = 0
========================================================================
Received Import Request.
  Time of request: 2026-09-13T12:49:50.5611229Z
  Time since last request: 0.0012196 seconds.
  importAddress: GUID: e5854d1a1c573e040afdbb54103decf3 - Path: Packages/com.unity.collab-proxy/Editor/Headless/HeadlessViewSwitcher.cs - Importer: ScriptedImporter/UnityEditor.QuickSearchModule:UnityEditor.Search:ASIAI0B
Importing 'GUID: e5854d1a1c573e040afdbb54103decf3 - Path: Packages/com.unity.collab-proxy/Editor/Headless/HeadlessViewSwitcher.cs - Importer: ScriptedImporter/UnityEditor.QuickSearchModule:UnityEditor.Search:ASIAI0B' with importer (ScriptedImporter : UnityEditor.QuickSearchModule:UnityEditor.Search:ASIAI0B)
Imported 'GUID: e5854d1a1c573e040afdbb54103decf3' -> (Import Result ID: '70bf752a2e5d73564bc64240d76df97b') in 0.017 seconds [static and dynamic dependencies]. Details - ImportResultOutputID=41ca8d7f7aea896803b7041b69a8c187 DependenciesID=35b35b3b71c444eb4e4331cbe501d52d StaticDependenciesID=c7b46cbddb2ad0addbecfbea2f867ff8 
Number of updated asset objects reloaded before import = 0
Number of asset objects unloaded after import = 0
========================================================================
Received Import Request.
  Time of request: 2026-09-13T12:49:50.5801955Z
  Time since last request: 0.0011189 seconds.
  importAddress: GUID: d7826644a043a9b4cb6b1f06c937cad7 - Path: Packages/com.unity.collab-proxy/Editor/Headless/HeadlessUpdateProgress.cs - Importer: ScriptedImporter/UnityEditor.QuickSearchModule:UnityEditor.Search:ASIAI0B
Importing 'GUID: d7826644a043a9b4cb6b1f06c937cad7 - Path: Packages/com.unity.collab-proxy/Editor/Headless/HeadlessUpdateProgress.cs - Importer: ScriptedImporter/UnityEditor.QuickSearchModule:UnityEditor.Search:ASIAI0B' with importer (ScriptedImporter : UnityEditor.QuickSearchModule:UnityEditor.Search:ASIAI0B)
Imported 'GUID: d7826644a043a9b4cb6b1f06c937cad7' -> (Import Result ID: 'deeaf7bed5b8f304b467f4cf87a20b06') in 0.013 seconds [static and dynamic dependencies]. Details - ImportResultOutputID=5553dc488f6532679e0bf9b21a89b031 DependenciesID=40829cb1db1076c263945882d52ad4b5 StaticDependenciesID=20f824c6415a454125d3c1457863a997 
Number of updated asset objects reloaded before import = 0
Number of asset objects unloaded after import = 0
========================================================================
Received Import Request.
  Time of request: 2026-09-13T12:49:50.594935Z
  Time since last request: 0.0012657 seconds.
  importAddress: GUID: 75e502da07ff345528edbecd094b5cb5 - Path: Packages/com.unity.collab-proxy/Editor/UI/DelayedActionBySecondsRunner.cs - Importer: ScriptedImporter/UnityEditor.QuickSearchModule:UnityEditor.Search:ASIAI0B
Importing 'GUID: 75e502da07ff345528edbecd094b5cb5 - Path: Packages/com.unity.collab-proxy/Editor/UI/DelayedActionBySecondsRunner.cs - Importer: ScriptedImporter/UnityEditor.QuickSearchModule:UnityEditor.Search:ASIAI0B' with importer (ScriptedImporter : UnityEditor.QuickSearchModule:UnityEditor.Search:ASIAI0B)
Imported 'GUID: 75e502da07ff345528edbecd094b5cb5' -> (Import Result ID: 'c1ad4e0d0e4c9caf29364b9479568457') in 0.010 seconds [static and dynamic dependencies]. Details - ImportResultOutputID=743f8da551cca8e892c6366043c3bfbf DependenciesID=4f405f2718a62efc20de9dbde0be71e1 StaticDependenciesID=332880bcfeede658a13484c709714cda 
Number of updated asset objects reloaded before import = 0
Number of asset objects unloaded after import = 0
========================================================================
Received Import Request.
  Time of request: 2026-09-13T12:49:50.6079549Z
  Time since last request: 0.0022291 seconds.
  importAddress: GUID: c08cfcfc4c2c46c46940ed103538acae - Path: Packages/com.unity.collab-proxy/Editor/UI/DrawActionButton.cs - Importer: ScriptedImporter/UnityEditor.QuickSearchModule:UnityEditor.Search:ASIAI0B
Importing 'GUID: c08cfcfc4c2c46c46940ed103538acae - Path: Packages/com.unity.collab-proxy/Editor/UI/DrawActionButton.cs - Importer: ScriptedImporter/UnityEditor.QuickSearchModule:UnityEditor.Search:ASIAI0B' with importer (ScriptedImporter : UnityEditor.QuickSearchModule:UnityEditor.Search:ASIAI0B)
Imported 'GUID: c08cfcfc4c2c46c46940ed103538acae' -> (Import Result ID: '4db7cfc22b98d2cc50282e2153b27454') in 0.014 seconds [static and dynamic dependencies]. Details - ImportResultOutputID=71767043035df2f1ee1f33d23b2e7a67 DependenciesID=f51cdade71cbb9080b5118262ee21deb StaticDependenciesID=5ec25514cce45df672b5baa54c91fa3a 
Number of updated asset objects reloaded before import = 0
Number of asset objects unloaded after import = 0
========================================================================
Received Import Request.
  Time of request: 2026-09-13T12:49:50.6247426Z
  Time since last request: 0.0007933 seconds.
  importAddress: GUID: c64851962d9c48068897eb736be4bed1 - Path: Packages/com.unity.collab-proxy/Editor/Settings/ShelveAndSwitchOptionsFoldout.cs - Importer: ScriptedImporter/UnityEditor.QuickSearchModule:UnityEditor.Search:ASIAI0B
Importing 'GUID: c64851962d9c48068897eb736be4bed1 - Path: Packages/com.unity.collab-proxy/Editor/Settings/ShelveAndSwitchOptionsFoldout.cs - Importer: ScriptedImporter/UnityEditor.QuickSearchModule:UnityEditor.Search:ASIAI0B' with importer (ScriptedImporter : UnityEditor.QuickSearchModule:UnityEditor.Search:ASIAI0B)
Imported 'GUID: c64851962d9c48068897eb736be4bed1' -> (Import Result ID: '5f7dbd53df7c5116b076d0f6093a0e37') in 0.015 seconds [static and dynamic dependencies]. Details - ImportResultOutputID=379f92511b61a5ba7c2e892fa6d84810 DependenciesID=3a67f4963fcfd7733773f22850c6c431 StaticDependenciesID=da865892724f0bd83a18916c763960d2 
Number of updated asset objects reloaded before import = 0
Number of asset objects unloaded after import = 0
========================================================================
Received Import Request.
  Time of request: 2026-09-13T12:49:50.642203Z
  Time since last request: 0.0017739 seconds.
  importAddress: GUID: ccc9f105224248edbf0b807faa2bcba9 - Path: Packages/com.unity.collab-proxy/Editor/UI/AttributeColor.cs - Importer: ScriptedImporter/UnityEditor.QuickSearchModule:UnityEditor.Search:ASIAI0B
Importing 'GUID: ccc9f105224248edbf0b807faa2bcba9 - Path: Packages/com.unity.collab-proxy/Editor/UI/AttributeColor.cs - Importer: ScriptedImporter/UnityEditor.QuickSearchModule:UnityEditor.Search:ASIAI0B' with importer (ScriptedImporter : UnityEditor.QuickSearchModule:UnityEditor.Search:ASIAI0B)
Imported 'GUID: ccc9f105224248edbf0b807faa2bcba9' -> (Import Result ID: 'b563d85f9eff66a1ae9f48d49ac08ebd') in 0.025 seconds [static and dynamic dependencies]. Details - ImportResultOutputID=7dd56f955dafcf42bb816bce268ff360 DependenciesID=d177431b30fa7f02c43b5e48d2917de0 StaticDependenciesID=896c2686cdb2cde74ac06bdaaf89c677 
Number of updated asset objects reloaded before import = 0
Number of asset objects unloaded after import = 0
========================================================================
Received Import Request.
  Time of request: 2026-09-13T12:49:50.6698747Z
  Time since last request: 0.0011225 seconds.
  importAddress: GUID: 7b405b01c6be83742bc000fb416b4dbf - Path: Packages/com.unity.collab-proxy/Editor/Tool/LaunchInstaller.cs - Importer: ScriptedImporter/UnityEditor.QuickSearchModule:UnityEditor.Search:ASIAI0B
Importing 'GUID: 7b405b01c6be83742bc000fb416b4dbf - Path: Packages/com.unity.collab-proxy/Editor/Tool/LaunchInstaller.cs - Importer: ScriptedImporter/UnityEditor.QuickSearchModule:UnityEditor.Search:ASIAI0B' with importer (ScriptedImporter : UnityEditor.QuickSearchModule:UnityEditor.Search:ASIAI0B)
Imported 'GUID: 7b405b01c6be83742bc000fb416b4dbf' -> (Import Result ID: 'e59bb0aff1fa8ff15d01e2be24a8c37c') in 0.011 seconds [static and dynamic dependencies]. Details - ImportResultOutputID=0966e8db742464868eedde2c98927227 DependenciesID=8c465809a61d7a1784894dfb9dec36ab StaticDependenciesID=1d16071a73b073e60148fc4fafc2aa90 
Number of updated asset objects reloaded before import = 0
Number of asset objects unloaded after import = 0
========================================================================
Received Import Request.
  Time of request: 2026-09-13T12:49:50.6847026Z
  Time since last request: 0.0019956 seconds.
  importAddress: GUID: eaa3325968035499991b3b1d1b89a348 - Path: Packages/com.unity.collab-proxy/Editor/UI/CalcTextSize.cs - Importer: ScriptedImporter/UnityEditor.QuickSearchModule:UnityEditor.Search:ASIAI0B
Importing 'GUID: eaa3325968035499991b3b1d1b89a348 - Path: Packages/com.unity.collab-proxy/Editor/UI/CalcTextSize.cs - Importer: ScriptedImporter/UnityEditor.QuickSearchModule:UnityEditor.Search:ASIAI0B' with importer (ScriptedImporter : UnityEditor.QuickSearchModule:UnityEditor.Search:ASIAI0B)
Imported 'GUID: eaa3325968035499991b3b1d1b89a348' -> (Import Result ID: 'd4a3af2536d2ebe88373fc26d2ae8786') in 0.013 seconds [static and dynamic dependencies]. Details - ImportResultOutputID=4cdcaf8949222c308e21a2bed2075947 DependenciesID=279fb791fccbdef6f6e97f8deb59a96f StaticDependenciesID=6f31ba2a3d0bb93a9bd66ae753455d05 
Number of updated asset objects reloaded before import = 0
Number of asset objects unloaded after import = 0
========================================================================
Received Import Request.
  Time of request: 2026-09-13T12:49:50.7014484Z
  Time since last request: 0.0023377 seconds.
  importAddress: GUID: 05c0641719e74f058e7530b150336e82 - Path: Packages/com.unity.collab-proxy/Editor/Settings/OtherOptionsFoldout.cs - Importer: ScriptedImporter/UnityEditor.QuickSearchModule:UnityEditor.Search:ASIAI0B
Importing 'GUID: 05c0641719e74f058e7530b150336e82 - Path: Packages/com.unity.collab-proxy/Editor/Settings/OtherOptionsFoldout.cs - Importer: ScriptedImporter/UnityEditor.QuickSearchModule:UnityEditor.Search:ASIAI0B' with importer (ScriptedImporter : UnityEditor.QuickSearchModule:UnityEditor.Search:ASIAI0B)
Imported 'GUID: 05c0641719e74f058e7530b150336e82' -> (Import Result ID: 'b4e53cdaeb39d0cc2e37810d5a13ef36') in 0.020 seconds [static and dynamic dependencies]. Details - ImportResultOutputID=33ed4d47433752c308f8f40c84ceea8f DependenciesID=b35517740f869b8dc230e19f3eae78dd StaticDependenciesID=35d219ff91264363e80eb6e837f70eb7 
Number of updated asset objects reloaded before import = 0
Number of asset objects unloaded after import = 0
========================================================================
Received Import Request.
  Time of request: 2026-09-13T12:49:50.7229303Z
  Time since last request: 0.0009861 seconds.
  importAddress: GUID: f25df29da91c45449ada5f3da8cf20ea - Path: Packages/com.unity.collab-proxy/Editor/Tool/IsExeAvailable.cs - Importer: ScriptedImporter/UnityEditor.QuickSearchModule:UnityEditor.Search:ASIAI0B
Importing 'GUID: f25df29da91c45449ada5f3da8cf20ea - Path: Packages/com.unity.collab-proxy/Editor/Tool/IsExeAvailable.cs - Importer: ScriptedImporter/UnityEditor.QuickSearchModule:UnityEditor.Search:ASIAI0B' with importer (ScriptedImporter : UnityEditor.QuickSearchModule:UnityEditor.Search:ASIAI0B)
Imported 'GUID: f25df29da91c45449ada5f3da8cf20ea' -> (Import Result ID: '1a77a0b117321e68699edcc191fe0dda') in 0.024 seconds [static and dynamic dependencies]. Details - ImportResultOutputID=86ab7e29cee77f46353ff88d495c80f5 DependenciesID=539c06e9f63f57cfa39a39815125c8f8 StaticDependenciesID=4c3bbac917e9e4ef242d533b52c711b6 
Number of updated asset objects reloaded before import = 0
Number of asset objects unloaded after import = 0
========================================================================
Received Import Request.
  Time of request: 2026-09-13T12:49:50.7485575Z
  Time since last request: 0.0014247 seconds.
  importAddress: GUID: d1c8ba8f08844ab3ad8c0ef45536941e - Path: Packages/com.unity.collab-proxy/Editor/Hashing/NonCryptographicHashAlgorithm.cs - Importer: ScriptedImporter/UnityEditor.QuickSearchModule:UnityEditor.Search:ASIAI0B
Importing 'GUID: d1c8ba8f08844ab3ad8c0ef45536941e - Path: Packages/com.unity.collab-proxy/Editor/Hashing/NonCryptographicHashAlgorithm.cs - Importer: ScriptedImporter/UnityEditor.QuickSearchModule:UnityEditor.Search:ASIAI0B' with importer (ScriptedImporter : UnityEditor.QuickSearchModule:UnityEditor.Search:ASIAI0B)
Imported 'GUID: d1c8ba8f08844ab3ad8c0ef45536941e' -> (Import Result ID: '399292897065b898f4539a51085e822c') in 0.013 seconds [static and dynamic dependencies]. Details - ImportResultOutputID=5723867d915ce86abfe4817260fbf8fd DependenciesID=c0592ae1a4f4da3e40ea9bce50154cc9 StaticDependenciesID=90b6411353899a192f4c756996676802 
Number of updated asset objects reloaded before import = 0
Number of asset objects unloaded after import = 0
========================================================================
Received Import Request.
  Time of request: 2026-09-13T12:49:50.7639314Z
  Time since last request: 0.0016398 seconds.
  importAddress: GUID: 2dae17e8419667e46a2a476dd2cd18e0 - Path: Packages/com.unity.collab-proxy/Editor/StatusBar/WindowStatusBar.cs - Importer: ScriptedImporter/UnityEditor.QuickSearchModule:UnityEditor.Search:ASIAI0B
Importing 'GUID: 2dae17e8419667e46a2a476dd2cd18e0 - Path: Packages/com.unity.collab-proxy/Editor/StatusBar/WindowStatusBar.cs - Importer: ScriptedImporter/UnityEditor.QuickSearchModule:UnityEditor.Search:ASIAI0B' with importer (ScriptedImporter : UnityEditor.QuickSearchModule:UnityEditor.Search:ASIAI0B)
Imported 'GUID: 2dae17e8419667e46a2a476dd2cd18e0' -> (Import Result ID: '29315c5808f8729edd23968d53303aaf') in 0.020 seconds [static and dynamic dependencies]. Details - ImportResultOutputID=c68f666628f02a6e16d58947689c8197 DependenciesID=2b4e1c8c207c9fbd0023646cfac59aaf StaticDependenciesID=37732ab4c4a8078fd528faae2d51f7f0 
Number of updated asset objects reloaded before import = 0
Number of asset objects unloaded after import = 0
========================================================================
Received Import Request.
  Time of request: 2026-09-13T12:49:50.7861757Z
  Time since last request: 0.0013613 seconds.
  importAddress: GUID: 3c1571ec0b185dc428a1df774086a310 - Path: Packages/com.unity.collab-proxy/Editor/Headless/HeadlessUpdateReport.cs - Importer: ScriptedImporter/UnityEditor.QuickSearchModule:UnityEditor.Search:ASIAI0B
Importing 'GUID: 3c1571ec0b185dc428a1df774086a310 - Path: Packages/com.unity.collab-proxy/Editor/Headless/HeadlessUpdateReport.cs - Importer: ScriptedImporter/UnityEditor.QuickSearchModule:UnityEditor.Search:ASIAI0B' with importer (ScriptedImporter : UnityEditor.QuickSearchModule:UnityEditor.Search:ASIAI0B)
Imported 'GUID: 3c1571ec0b185dc428a1df774086a310' -> (Import Result ID: 'a52c7047ace151a8a5eeffd234733bd2') in 0.034 seconds [static and dynamic dependencies]. Details - ImportResultOutputID=74ce22c90770cfb499632c645a475782 DependenciesID=338a40b68c3f188fc3d90fdf1aef134d StaticDependenciesID=58cf7b1a421f4c5916052155e3862d86 
Number of updated asset objects reloaded before import = 0
Number of asset objects unloaded after import = 0
========================================================================
Received Import Request.
  Time of request: 2026-09-13T12:49:50.8218607Z
  Time since last request: 0.0010097 seconds.
  importAddress: GUID: 1b0473213bc885840bb309ebce32b6fb - Path: Packages/com.unity.collab-proxy/Editor/Headless/HeadlessMergeViewLauncher.cs - Importer: ScriptedImporter/UnityEditor.QuickSearchModule:UnityEditor.Search:ASIAI0B
Importing 'GUID: 1b0473213bc885840bb309ebce32b6fb - Path: Packages/com.unity.collab-proxy/Editor/Headless/HeadlessMergeViewLauncher.cs - Importer: ScriptedImporter/UnityEditor.QuickSearchModule:UnityEditor.Search:ASIAI0B' with importer (ScriptedImporter : UnityEditor.QuickSearchModule:UnityEditor.Search:ASIAI0B)
Imported 'GUID: 1b0473213bc885840bb309ebce32b6fb' -> (Import Result ID: '146bda5d278007168991ea2c378c3c9a') in 0.021 seconds [static and dynamic dependencies]. Details - ImportResultOutputID=01c709bcded72fff7ac3803f01ea371b DependenciesID=acba329ecd582a554300c23c0b0b362c StaticDependenciesID=40e0aab3d4d5e7ca349e79a407c4d37e 
Number of updated asset objects reloaded before import = 0
Number of asset objects unloaded after import = 0
========================================================================
Received Import Request.
  Time of request: 2026-09-13T12:49:50.8452718Z
  Time since last request: 0.0016813 seconds.
  importAddress: GUID: de6e8913aefd69d4ca90a7216d225d3a - Path: Packages/com.unity.collab-proxy/Editor/Tool/ToolConstants.cs - Importer: ScriptedImporter/UnityEditor.QuickSearchModule:UnityEditor.Search:ASIAI0B
Importing 'GUID: de6e8913aefd69d4ca90a7216d225d3a - Path: Packages/com.unity.collab-proxy/Editor/Tool/ToolConstants.cs - Importer: ScriptedImporter/UnityEditor.QuickSearchModule:UnityEditor.Search:ASIAI0B' with importer (ScriptedImporter : UnityEditor.QuickSearchModule:UnityEditor.Search:ASIAI0B)
Imported 'GUID: de6e8913aefd69d4ca90a7216d225d3a' -> (Import Result ID: '5bd4ca1c561774d53e3698774dba77d4') in 0.017 seconds [static and dynamic dependencies]. Details - ImportResultOutputID=e3efc969020457c6c95178721972c853 DependenciesID=7103ff517e8e4ca0bd0999ce746cff6b StaticDependenciesID=05fd4e4a9ff13f404a94c92f861d2c05 
Number of updated asset objects reloaded before import = 0
Number of asset objects unloaded after import = 0
========================================================================
Received Import Request.
  Time of request: 2026-09-13T12:49:50.8654454Z
  Time since last request: 0.0018546 seconds.
  importAddress: GUID: 0a4d51d508394143b7023452d44f5a6a - Path: Packages/com.unity.collab-proxy/Editor/Headless/HeadlessRefreshView.cs - Importer: ScriptedImporter/UnityEditor.QuickSearchModule:UnityEditor.Search:ASIAI0B
Importing 'GUID: 0a4d51d508394143b7023452d44f5a6a - Path: Packages/com.unity.collab-proxy/Editor/Headless/HeadlessRefreshView.cs - Importer: ScriptedImporter/UnityEditor.QuickSearchModule:UnityEditor.Search:ASIAI0B' with importer (ScriptedImporter : UnityEditor.QuickSearchModule:UnityEditor.Search:ASIAI0B)
Imported 'GUID: 0a4d51d508394143b7023452d44f5a6a' -> (Import Result ID: 'fdae3e53af257044658151f3c37a8d62') in 0.021 seconds [static and dynamic dependencies]. Details - ImportResultOutputID=55b300aa77860af9f20ceeee04c6b82c DependenciesID=265c8b1ad46c3c6b802349c593c17820 StaticDependenciesID=f8ea7357338176e9cf797e2f21e85b1a 
Number of updated asset objects reloaded before import = 0
Number of asset objects unloaded after import = 0
========================================================================
Received Import Request.
  Time of request: 2026-09-13T12:49:50.8895659Z
  Time since last request: 0.0014689 seconds.
  importAddress: GUID: 9731678ff16392a4d822454ca1052818 - Path: Packages/com.unity.collab-proxy/Editor/Settings/OpenUVCSProjectSettings.cs - Importer: ScriptedImporter/UnityEditor.QuickSearchModule:UnityEditor.Search:ASIAI0B
Importing 'GUID: 9731678ff16392a4d822454ca1052818 - Path: Packages/com.unity.collab-proxy/Editor/Settings/OpenUVCSProjectSettings.cs - Importer: ScriptedImporter/UnityEditor.QuickSearchModule:UnityEditor.Search:ASIAI0B' with importer (ScriptedImporter : UnityEditor.QuickSearchModule:UnityEditor.Search:ASIAI0B)
Imported 'GUID: 9731678ff16392a4d822454ca1052818' -> (Import Result ID: '90c00f6cbc1b61b09c5f056d481a42c0') in 0.019 seconds [static and dynamic dependencies]. Details - ImportResultOutputID=520a3f1e71896c798504e30863127d60 DependenciesID=ff7f2d00516724fe0e5e7a7b40a76ae2 StaticDependenciesID=bf65203609274bf7681aef91c9f91874 
Number of updated asset objects reloaded before import = 0
Number of asset objects unloaded after import = 0
========================================================================
Received Import Request.
  Time of request: 2026-09-13T12:49:50.9111441Z
  Time since last request: 0.001315 seconds.
  importAddress: GUID: f79c84772bc81844fb9e662249f1e400 - Path: Packages/com.unity.collab-proxy/Editor/UI/CheckUnityException.cs - Importer: ScriptedImporter/UnityEditor.QuickSearchModule:UnityEditor.Search:ASIAI0B
Importing 'GUID: f79c84772bc81844fb9e662249f1e400 - Path: Packages/com.unity.collab-proxy/Editor/UI/CheckUnityException.cs - Importer: ScriptedImporter/UnityEditor.QuickSearchModule:UnityEditor.Search:ASIAI0B' with importer (ScriptedImporter : UnityEditor.QuickSearchModule:UnityEditor.Search:ASIAI0B)
Imported 'GUID: f79c84772bc81844fb9e662249f1e400' -> (Import Result ID: '356675cb5c4e20b00f87dbd148c3177a') in 0.011 seconds [static and dynamic dependencies]. Details - ImportResultOutputID=ff564ea9199cf574163ba0a57d01db1c DependenciesID=036894926fd54d065b7bd1ea354b05e1 StaticDependenciesID=2df02c3dd1d5d3719600d6a7bb085ff4 
Number of updated asset objects reloaded before import = 0
Number of asset objects unloaded after import = 0
========================================================================
Received Import Request.
  Time of request: 2026-09-13T12:49:50.9252953Z
  Time since last request: 0.0012177 seconds.
  importAddress: GUID: 94a5d27698bed3d42beabebcedbf1f23 - Path: Packages/com.unity.collab-proxy/Editor/Hub/ProcessHubCommand.cs - Importer: ScriptedImporter/UnityEditor.QuickSearchModule:UnityEditor.Search:ASIAI0B
Importing 'GUID: 94a5d27698bed3d42beabebcedbf1f23 - Path: Packages/com.unity.collab-proxy/Editor/Hub/ProcessHubCommand.cs - Importer: ScriptedImporter/UnityEditor.QuickSearchModule:UnityEditor.Search:ASIAI0B' with importer (ScriptedImporter : UnityEditor.QuickSearchModule:UnityEditor.Search:ASIAI0B)
Imported 'GUID: 94a5d27698bed3d42beabebcedbf1f23' -> (Import Result ID: 'f91a0489222c524eaed78ba7464bf675') in 0.020 seconds [static and dynamic dependencies]. Details - ImportResultOutputID=a18d70bb8ee934c2b160f53cf0600485 DependenciesID=b45877cfcc4f221a7958e1b4d47b5846 StaticDependenciesID=ecaa15649551b6c219d1dac589ee7ac6 
Number of updated asset objects reloaded before import = 0
Number of asset objects unloaded after import = 0
========================================================================
Received Import Request.
  Time of request: 2026-09-13T12:49:50.9473954Z
  Time since last request: 0.0011311 seconds.
  importAddress: GUID: e26dd2ea146011948b8e7518465ea71a - Path: Packages/com.unity.collab-proxy/Editor/UI/DialogWithCheckBox_Legacy.cs - Importer: ScriptedImporter/UnityEditor.QuickSearchModule:UnityEditor.Search:ASIAI0B
Importing 'GUID: e26dd2ea146011948b8e7518465ea71a - Path: Packages/com.unity.collab-proxy/Editor/UI/DialogWithCheckBox_Legacy.cs - Importer: ScriptedImporter/UnityEditor.QuickSearchModule:UnityEditor.Search:ASIAI0B' with importer (ScriptedImporter : UnityEditor.QuickSearchModule:UnityEditor.Search:ASIAI0B)
Imported 'GUID: e26dd2ea146011948b8e7518465ea71a' -> (Import Result ID: '1922629d0c28be893a3a89e71cac6a49') in 0.013 seconds [static and dynamic dependencies]. Details - ImportResultOutputID=4c1462174859a6ed77b7ce463025b5f1 DependenciesID=4d2e380fad5532ee853d2f58d539027d StaticDependenciesID=382f1894a521a7866bba36bfb0cba3eb 
Number of updated asset objects reloaded before import = 0
Number of asset objects unloaded after import = 0
========================================================================
Received Import Request.
  Time of request: 2026-09-13T12:49:50.9687321Z
  Time since last request: 0.0071669 seconds.
  importAddress: GUID: 8b6dfd14d4f1481994014ade2c68e7b9 - Path: Packages/com.unity.collab-proxy/Editor/UI/ColorFromText.cs - Importer: ScriptedImporter/UnityEditor.QuickSearchModule:UnityEditor.Search:ASIAI0B
Importing 'GUID: 8b6dfd14d4f1481994014ade2c68e7b9 - Path: Packages/com.unity.collab-proxy/Editor/UI/ColorFromText.cs - Importer: ScriptedImporter/UnityEditor.QuickSearchModule:UnityEditor.Search:ASIAI0B' with importer (ScriptedImporter : UnityEditor.QuickSearchModule:UnityEditor.Search:ASIAI0B)
Imported 'GUID: 8b6dfd14d4f1481994014ade2c68e7b9' -> (Import Result ID: '6c8de8a1567e6cbfc2e816021b07396f') in 0.018 seconds [static and dynamic dependencies]. Details - ImportResultOutputID=178f4566f4be5ae80ec51fa8b12fde33 DependenciesID=29fa5f07e4c72e17ac116b9f044c0289 StaticDependenciesID=ebde054a1a36153e9c8fda7d83f6ab68 
Number of updated asset objects reloaded before import = 0
Number of asset objects unloaded after import = 0
========================================================================
Received Import Request.
  Time of request: 2026-09-13T12:49:50.9913129Z
  Time since last request: 0.0015459 seconds.
  importAddress: GUID: 28ce2dedf734c7c4e8ad114c00173d65 - Path: Packages/com.unity.collab-proxy/Editor/Inspector/DrawInspectorOperations.cs - Importer: ScriptedImporter/UnityEditor.QuickSearchModule:UnityEditor.Search:ASIAI0B
Importing 'GUID: 28ce2dedf734c7c4e8ad114c00173d65 - Path: Packages/com.unity.collab-proxy/Editor/Inspector/DrawInspectorOperations.cs - Importer: ScriptedImporter/UnityEditor.QuickSearchModule:UnityEditor.Search:ASIAI0B' with importer (ScriptedImporter : UnityEditor.QuickSearchModule:UnityEditor.Search:ASIAI0B)
Imported 'GUID: 28ce2dedf734c7c4e8ad114c00173d65' -> (Import Result ID: 'c5f0898c5555e9151773ea1fe1fb1095') in 0.022 seconds [static and dynamic dependencies]. Details - ImportResultOutputID=bde611b0499d96a27dc95a50170b8032 DependenciesID=8b98e142ae0b4917b682f76ceef078f6 StaticDependenciesID=7cfa26a8f5e4e3543afe98071cfd6172 
Number of updated asset objects reloaded before import = 0
Number of asset objects unloaded after import = 0
========================================================================
Received Import Request.
  Time of request: 2026-09-13T12:49:51.0174323Z
  Time since last request: 0.0030774 seconds.
  importAddress: GUID: c00693f5365e54a4eb5f9ac96da13749 - Path: Packages/com.unity.collab-proxy/Editor/Headless/HeadlessWorkspaceStatusChangeListener.cs - Importer: ScriptedImporter/UnityEditor.QuickSearchModule:UnityEditor.Search:ASIAI0B
Importing 'GUID: c00693f5365e54a4eb5f9ac96da13749 - Path: Packages/com.unity.collab-proxy/Editor/Headless/HeadlessWorkspaceStatusChangeListener.cs - Importer: ScriptedImporter/UnityEditor.QuickSearchModule:UnityEditor.Search:ASIAI0B' with importer (ScriptedImporter : UnityEditor.QuickSearchModule:UnityEditor.Search:ASIAI0B)
Imported 'GUID: c00693f5365e54a4eb5f9ac96da13749' -> (Import Result ID: 'fd47c72c6df7e92e966296eed8b14f2e') in 0.025 seconds [static and dynamic dependencies]. Details - ImportResultOutputID=7227f6757c67a4d241708788b0aa6376 DependenciesID=4fd8a9e207aaeed557900c4c935f4ca8 StaticDependenciesID=9a55597e31b0dfb04b02fb8d7b9a2f12 
Number of updated asset objects reloaded before import = 0
Number of asset objects unloaded after import = 0
========================================================================
Received Import Request.
  Time of request: 2026-09-13T12:49:51.0463757Z
  Time since last request: 0.0018914 seconds.
  importAddress: GUID: c0fb4867bb584f229fb38202476e0ce5 - Path: Packages/com.unity.collab-proxy/Editor/Topbar/Breadcrumb.cs - Importer: ScriptedImporter/UnityEditor.QuickSearchModule:UnityEditor.Search:ASIAI0B
Importing 'GUID: c0fb4867bb584f229fb38202476e0ce5 - Path: Packages/com.unity.collab-proxy/Editor/Topbar/Breadcrumb.cs - Importer: ScriptedImporter/UnityEditor.QuickSearchModule:UnityEditor.Search:ASIAI0B' with importer (ScriptedImporter : UnityEditor.QuickSearchModule:UnityEditor.Search:ASIAI0B)
Imported 'GUID: c0fb4867bb584f229fb38202476e0ce5' -> (Import Result ID: '376f540b68d5d753a4316a5c4c2bd088') in 0.014 seconds [static and dynamic dependencies]. Details - ImportResultOutputID=c6c8e9e23fc816b07a1837ef82729cba DependenciesID=011874b2127897ac5168bd34a7799103 StaticDependenciesID=fd1195797b6257c225d26fea5028fcb0 
Number of updated asset objects reloaded before import = 0
Number of asset objects unloaded after import = 0
========================================================================
Received Import Request.
  Time of request: 2026-09-13T12:49:51.0623174Z
  Time since last request: 0.0011627 seconds.
  importAddress: GUID: 30c4cfa3209d4a44480017a19ec5b3b8 - Path: Packages/com.unity.collab-proxy/Editor/UI/DrawActionHelpBox.cs - Importer: ScriptedImporter/UnityEditor.QuickSearchModule:UnityEditor.Search:ASIAI0B
Importing 'GUID: 30c4cfa3209d4a44480017a19ec5b3b8 - Path: Packages/com.unity.collab-proxy/Editor/UI/DrawActionHelpBox.cs - Importer: ScriptedImporter/UnityEditor.QuickSearchModule:UnityEditor.Search:ASIAI0B' with importer (ScriptedImporter : UnityEditor.QuickSearchModule:UnityEditor.Search:ASIAI0B)
Imported 'GUID: 30c4cfa3209d4a44480017a19ec5b3b8' -> (Import Result ID: '05f820634dd7437caeb967a7d752e076') in 0.025 seconds [static and dynamic dependencies]. Details - ImportResultOutputID=97fe3534574d0f372b7d6474c41c0db7 DependenciesID=893f85f22ac1bf5759820442134700ed StaticDependenciesID=1de3c7a928180710ed6c7f6a6f28148e 
Number of updated asset objects reloaded before import = 0
Number of asset objects unloaded after import = 0
========================================================================
Received Import Request.
  Time of request: 2026-09-13T12:49:51.0895711Z
  Time since last request: 0.0012871 seconds.
  importAddress: GUID: bf4c80d864854f97a4b2f1dcad326904 - Path: Packages/com.unity.collab-proxy/Editor/UI/DialogWithCheckBox.cs - Importer: ScriptedImporter/UnityEditor.QuickSearchModule:UnityEditor.Search:ASIAI0B
Importing 'GUID: bf4c80d864854f97a4b2f1dcad326904 - Path: Packages/com.unity.collab-proxy/Editor/UI/DialogWithCheckBox.cs - Importer: ScriptedImporter/UnityEditor.QuickSearchModule:UnityEditor.Search:ASIAI0B' with importer (ScriptedImporter : UnityEditor.QuickSearchModule:UnityEditor.Search:ASIAI0B)
Imported 'GUID: bf4c80d864854f97a4b2f1dcad326904' -> (Import Result ID: '32afad2c001063f0d4601ded3ccfe807') in 0.015 seconds [static and dynamic dependencies]. Details - ImportResultOutputID=2b8e471973ff27581dc35ae859795856 DependenciesID=cd97983c5d550d53ed238b27f7adb1c7 StaticDependenciesID=5e9fc0699bccfb9379cf033f3095afc5 
Number of updated asset objects reloaded before import = 0
Number of asset objects unloaded after import = 0
========================================================================
Received Import Request.
  Time of request: 2026-09-13T12:49:51.1085549Z
  Time since last request: 0.0017136 seconds.
  importAddress: GUID: fd582245e61fe1f4dba625a9ba7ec139 - Path: Packages/com.unity.collab-proxy/Editor/Headless/HeadlessWorkspaceWindow.cs - Importer: ScriptedImporter/UnityEditor.QuickSearchModule:UnityEditor.Search:ASIAI0B
Importing 'GUID: fd582245e61fe1f4dba625a9ba7ec139 - Path: Packages/com.unity.collab-proxy/Editor/Headless/HeadlessWorkspaceWindow.cs - Importer: ScriptedImporter/UnityEditor.QuickSearchModule:UnityEditor.Search:ASIAI0B' with importer (ScriptedImporter : UnityEditor.QuickSearchModule:UnityEditor.Search:ASIAI0B)
Imported 'GUID: fd582245e61fe1f4dba625a9ba7ec139' -> (Import Result ID: 'ae1f809206d12c4ced60cd9485fa1b87') in 0.016 seconds [static and dynamic dependencies]. Details - ImportResultOutputID=8747bc534d1048f39310c66378e98f89 DependenciesID=1156a98a53c72bff2563c461fec79a94 StaticDependenciesID=80b8d5243a8b85ab65675c88048fc681 
Number of updated asset objects reloaded before import = 0
Number of asset objects unloaded after import = 0
========================================================================
Received Import Request.
  Time of request: 2026-09-13T12:49:51.1263701Z
  Time since last request: 0.0012406 seconds.
  importAddress: GUID: a2fdee6cdf66471f83f828b59955ed70 - Path: Packages/com.unity.collab-proxy/Editor/UI/AvatarColor.cs - Importer: ScriptedImporter/UnityEditor.QuickSearchModule:UnityEditor.Search:ASIAI0B
Importing 'GUID: a2fdee6cdf66471f83f828b59955ed70 - Path: Packages/com.unity.collab-proxy/Editor/UI/AvatarColor.cs - Importer: ScriptedImporter/UnityEditor.QuickSearchModule:UnityEditor.Search:ASIAI0B' with importer (ScriptedImporter : UnityEditor.QuickSearchModule:UnityEditor.Search:ASIAI0B)
Imported 'GUID: a2fdee6cdf66471f83f828b59955ed70' -> (Import Result ID: 'a16e9360a86fa3d1f0006f53ce934e7c') in 0.015 seconds [static and dynamic dependencies]. Details - ImportResultOutputID=ccc4b6162a75446d0f73079a1cf9996a DependenciesID=dd7f184dcbe363d0dbd66102aa14f736 StaticDependenciesID=7b9dde6ae1a1637a17bfe47baff18cdf 
Number of updated asset objects reloaded before import = 0
Number of asset objects unloaded after import = 0
========================================================================
Received Import Request.
  Time of request: 2026-09-13T12:49:51.1437445Z
  Time since last request: 0.001567 seconds.
  importAddress: GUID: bc5c1fa3d4519114cb21f3fedfe6039d - Path: Packages/com.unity.collab-proxy/Editor/Tool/BringWindowToFront.cs - Importer: ScriptedImporter/UnityEditor.QuickSearchModule:UnityEditor.Search:ASIAI0B
Importing 'GUID: bc5c1fa3d4519114cb21f3fedfe6039d - Path: Packages/com.unity.collab-proxy/Editor/Tool/BringWindowToFront.cs - Importer: ScriptedImporter/UnityEditor.QuickSearchModule:UnityEditor.Search:ASIAI0B' with importer (ScriptedImporter : UnityEditor.QuickSearchModule:UnityEditor.Search:ASIAI0B)
Imported 'GUID: bc5c1fa3d4519114cb21f3fedfe6039d' -> (Import Result ID: 'ba59cfc4e9ce1416d4bc7f9e44efe4b6') in 0.018 seconds [static and dynamic dependencies]. Details - ImportResultOutputID=674ea648f3cb2339f29232a63978e803 DependenciesID=aaf346fcde2e8b8d3b79bd6410401210 StaticDependenciesID=347a3e2a43e0325d8ebff435b74d5af1 
Number of updated asset objects reloaded before import = 0
Number of asset objects unloaded after import = 0
========================================================================
Received Import Request.
  Time of request: 2026-09-13T12:49:51.1645257Z
  Time since last request: 0.0018568 seconds.
  importAddress: GUID: 201d30422af8ea34193a59b4254b8663 - Path: Packages/com.unity.collab-proxy/Editor/Gluon/CheckinProgress.cs - Importer: ScriptedImporter/UnityEditor.QuickSearchModule:UnityEditor.Search:ASIAI0B
Importing 'GUID: 201d30422af8ea34193a59b4254b8663 - Path: Packages/com.unity.collab-proxy/Editor/Gluon/CheckinProgress.cs - Importer: ScriptedImporter/UnityEditor.QuickSearchModule:UnityEditor.Search:ASIAI0B' with importer (ScriptedImporter : UnityEditor.QuickSearchModule:UnityEditor.Search:ASIAI0B)
Imported 'GUID: 201d30422af8ea34193a59b4254b8663' -> (Import Result ID: '1f6eb6d37f5298f9af1282a87044a8a2') in 0.015 seconds [static and dynamic dependencies]. Details - ImportResultOutputID=39e2743fde4145b6dc35b46fa4e05177 DependenciesID=3af0e795e5f09982707b592c29882827 StaticDependenciesID=34614114d929679ebc2d8718b27622d0 
Number of updated asset objects reloaded before import = 0
Number of asset objects unloaded after import = 0
========================================================================
Received Import Request.
  Time of request: 2026-09-13T12:49:51.1837549Z
  Time since last request: 0.0016043 seconds.
  importAddress: GUID: 25e3b426e5be4f64db3f9184fd625379 - Path: Packages/com.unity.collab-proxy/Editor/UI/CloseWindowIfOpened.cs - Importer: ScriptedImporter/UnityEditor.QuickSearchModule:UnityEditor.Search:ASIAI0B
Importing 'GUID: 25e3b426e5be4f64db3f9184fd625379 - Path: Packages/com.unity.collab-proxy/Editor/UI/CloseWindowIfOpened.cs - Importer: ScriptedImporter/UnityEditor.QuickSearchModule:UnityEditor.Search:ASIAI0B' with importer (ScriptedImporter : UnityEditor.QuickSearchModule:UnityEditor.Search:ASIAI0B)
Imported 'GUID: 25e3b426e5be4f64db3f9184fd625379' -> (Import Result ID: '6f9b079d328fbb3f12cbfae1e1d70b62') in 0.012 seconds [static and dynamic dependencies]. Details - ImportResultOutputID=30a95e308946b7d21fa2e7a479056e76 DependenciesID=7a98d4a47a88f15ade55729ec9d6db88 StaticDependenciesID=68f29bbea4413e5b841058c2f1dfef49 
Number of updated asset objects reloaded before import = 0
Number of asset objects unloaded after import = 0
========================================================================
Received Import Request.
  Time of request: 2026-09-13T12:49:51.1993661Z
  Time since last request: 0.0026872 seconds.
  importAddress: GUID: 9bef80072d106be4ea36de88adc0e985 - Path: Packages/com.unity.collab-proxy/Editor/Inspector/InspectorAssetSelection.cs - Importer: ScriptedImporter/UnityEditor.QuickSearchModule:UnityEditor.Search:ASIAI0B
Importing 'GUID: 9bef80072d106be4ea36de88adc0e985 - Path: Packages/com.unity.collab-proxy/Editor/Inspector/InspectorAssetSelection.cs - Importer: ScriptedImporter/UnityEditor.QuickSearchModule:UnityEditor.Search:ASIAI0B' with importer (ScriptedImporter : UnityEditor.QuickSearchModule:UnityEditor.Search:ASIAI0B)
Imported 'GUID: 9bef80072d106be4ea36de88adc0e985' -> (Import Result ID: 'fb6813cc3e4537f937784c2ba799dfeb') in 0.013 seconds [static and dynamic dependencies]. Details - ImportResultOutputID=8ad87e39437f5974800891c3775fb93d DependenciesID=d569b96d002e660884a06a5ab98db6de StaticDependenciesID=712d9d4193cf9c142bfbbec6d2e5e4df 
Number of updated asset objects reloaded before import = 0
Number of asset objects unloaded after import = 0
========================================================================
Received Import Request.
  Time of request: 2026-09-13T12:49:51.2170336Z
  Time since last request: 0.002065 seconds.
  importAddress: GUID: 8642afe1b2639478e91ff46ccf3145d3 - Path: Packages/com.unity.collab-proxy/Editor/Hashing/XxHashShared.cs - Importer: ScriptedImporter/UnityEditor.QuickSearchModule:UnityEditor.Search:ASIAI0B
Importing 'GUID: 8642afe1b2639478e91ff46ccf3145d3 - Path: Packages/com.unity.collab-proxy/Editor/Hashing/XxHashShared.cs - Importer: ScriptedImporter/UnityEditor.QuickSearchModule:UnityEditor.Search:ASIAI0B' with importer (ScriptedImporter : UnityEditor.QuickSearchModule:UnityEditor.Search:ASIAI0B)
Imported 'GUID: 8642afe1b2639478e91ff46ccf3145d3' -> (Import Result ID: 'ee8fd3a8eeca7192b573beb9db45a8e4') in 0.025 seconds [static and dynamic dependencies]. Details - ImportResultOutputID=e080bb3baec894d141a516c911358619 DependenciesID=f4e40dbb220e5cb219add3bcc7dadf55 StaticDependenciesID=0dba2ca19fc918da268df1a1954f49ba 
Number of updated asset objects reloaded before import = 0
Number of asset objects unloaded after import = 0
========================================================================
Received Import Request.
  Time of request: 2026-09-13T12:49:51.2449588Z
  Time since last request: 0.0011407 seconds.
  importAddress: GUID: 1c9b352f456640c9925a381f736ecb5d - Path: Packages/com.unity.collab-proxy/Editor/Settings/DiffAndMergeOptionsFoldout.cs - Importer: ScriptedImporter/UnityEditor.QuickSearchModule:UnityEditor.Search:ASIAI0B
Importing 'GUID: 1c9b352f456640c9925a381f736ecb5d - Path: Packages/com.unity.collab-proxy/Editor/Settings/DiffAndMergeOptionsFoldout.cs - Importer: ScriptedImporter/UnityEditor.QuickSearchModule:UnityEditor.Search:ASIAI0B' with importer (ScriptedImporter : UnityEditor.QuickSearchModule:UnityEditor.Search:ASIAI0B)
Imported 'GUID: 1c9b352f456640c9925a381f736ecb5d' -> (Import Result ID: '14840442270cabe4858b38b2ec26729f') in 0.015 seconds [static and dynamic dependencies]. Details - ImportResultOutputID=16ac9484759a0762fcd3e35ce9dd3cb4 DependenciesID=cdd128c752c111b94d3e7fa8733fada3 StaticDependenciesID=876444e19b5bf4d41c6530329750449e 
Number of updated asset objects reloaded before import = 0
Number of asset objects unloaded after import = 0
========================================================================
Received Import Request.
  Time of request: 2026-09-13T12:49:51.2624938Z
  Time since last request: 0.0010146 seconds.
  importAddress: GUID: 70d26390057f4174a01f658c74482272 - Path: Packages/com.unity.collab-proxy/Editor/Topbar/Topbar.cs - Importer: ScriptedImporter/UnityEditor.QuickSearchModule:UnityEditor.Search:ASIAI0B
Importing 'GUID: 70d26390057f4174a01f658c74482272 - Path: Packages/com.unity.collab-proxy/Editor/Topbar/Topbar.cs - Importer: ScriptedImporter/UnityEditor.QuickSearchModule:UnityEditor.Search:ASIAI0B' with importer (ScriptedImporter : UnityEditor.QuickSearchModule:UnityEditor.Search:ASIAI0B)
Imported 'GUID: 70d26390057f4174a01f658c74482272' -> (Import Result ID: 'b91f0d51e2e1ff806917ec915571a96b') in 0.016 seconds [static and dynamic dependencies]. Details - ImportResultOutputID=8ffc4b2a94aeb08aa9aaf90a9d45bd40 DependenciesID=aded83e383e0e75d0874cdaee213608d StaticDependenciesID=c463945336cd230d373ab7ec6e8c21df 
Number of updated asset objects reloaded before import = 0
Number of asset objects unloaded after import = 0
========================================================================
Received Import Request.
  Time of request: 2026-09-13T12:49:51.2806594Z
  Time since last request: 0.0018042 seconds.
  importAddress: GUID: f8b61564d80f4d16b3bf68e8dfe87c89 - Path: Packages/com.unity.collab-proxy/Editor/Tool/PlasticExeLauncher.cs - Importer: ScriptedImporter/UnityEditor.QuickSearchModule:UnityEditor.Search:ASIAI0B
Importing 'GUID: f8b61564d80f4d16b3bf68e8dfe87c89 - Path: Packages/com.unity.collab-proxy/Editor/Tool/PlasticExeLauncher.cs - Importer: ScriptedImporter/UnityEditor.QuickSearchModule:UnityEditor.Search:ASIAI0B' with importer (ScriptedImporter : UnityEditor.QuickSearchModule:UnityEditor.Search:ASIAI0B)
Imported 'GUID: f8b61564d80f4d16b3bf68e8dfe87c89' -> (Import Result ID: 'fd29b643deb82868138e2ff0279ac0eb') in 0.011 seconds [static and dynamic dependencies]. Details - ImportResultOutputID=cce06d18a78e78878eb24a605f544925 DependenciesID=8b672f595899912bf7bbc6d1f6a253e9 StaticDependenciesID=f5d8d5973babcb9518a9e33b8de6ff41 
Number of updated asset objects reloaded before import = 0
Number of asset objects unloaded after import = 0
========================================================================
Received Import Request.
  Time of request: 2026-09-13T12:49:51.2934465Z
  Time since last request: 0.0010665 seconds.
  importAddress: GUID: 4646098fa06b7764b843d936862b4d71 - Path: Packages/com.unity.collab-proxy/Editor/Settings/PendingChangesOptionsFoldout.cs - Importer: ScriptedImporter/UnityEditor.QuickSearchModule:UnityEditor.Search:ASIAI0B
Importing 'GUID: 4646098fa06b7764b843d936862b4d71 - Path: Packages/com.unity.collab-proxy/Editor/Settings/PendingChangesOptionsFoldout.cs - Importer: ScriptedImporter/UnityEditor.QuickSearchModule:UnityEditor.Search:ASIAI0B' with importer (ScriptedImporter : UnityEditor.QuickSearchModule:UnityEditor.Search:ASIAI0B)
Imported 'GUID: 4646098fa06b7764b843d936862b4d71' -> (Import Result ID: 'fbe21bb513c9499a0ca8c60f54ec0453') in 0.018 seconds [static and dynamic dependencies]. Details - ImportResultOutputID=223ec4f962d583b4a9cae5662a40231e DependenciesID=cad5b6a0a5b9e1abfed4bff5f8e034e0 StaticDependenciesID=e57c9991441019f21bbaf0f6d62d7454 
Number of updated asset objects reloaded before import = 0
Number of asset objects unloaded after import = 0
========================================================================
Received Import Request.
  Time of request: 2026-09-13T12:49:51.3142044Z
  Time since last request: 0.0016618 seconds.
  importAddress: GUID: c13239fbea1666a42b26691afcd91e63 - Path: Packages/com.unity.collab-proxy/Editor/Gluon/UpdateProgress.cs - Importer: ScriptedImporter/UnityEditor.QuickSearchModule:UnityEditor.Search:ASIAI0B
Importing 'GUID: c13239fbea1666a42b26691afcd91e63 - Path: Packages/com.unity.collab-proxy/Editor/Gluon/UpdateProgress.cs - Importer: ScriptedImporter/UnityEditor.QuickSearchModule:UnityEditor.Search:ASIAI0B' with importer (ScriptedImporter : UnityEditor.QuickSearchModule:UnityEditor.Search:ASIAI0B)
Imported 'GUID: c13239fbea1666a42b26691afcd91e63' -> (Import Result ID: 'f1034ed78a491c1b9a2892b1d391cecf') in 0.030 seconds [static and dynamic dependencies]. Details - ImportResultOutputID=c6c394b883aec82d05418432c03469e3 DependenciesID=a85b48af7f7924e42e1341346f961e00 StaticDependenciesID=4fb05d133a5def96c3961e10a92799c8 
Number of updated asset objects reloaded before import = 0
Number of asset objects unloaded after import = 0
========================================================================
Received Import Request.
  Time of request: 2026-09-13T12:49:51.3462683Z
  Time since last request: 0.0017829 seconds.
  importAddress: GUID: 4675673a75b20a14da0806d155b5680c - Path: Packages/com.unity.collab-proxy/Editor/Hub/CommandLineArguments.cs - Importer: ScriptedImporter/UnityEditor.QuickSearchModule:UnityEditor.Search:ASIAI0B
Importing 'GUID: 4675673a75b20a14da0806d155b5680c - Path: Packages/com.unity.collab-proxy/Editor/Hub/CommandLineArguments.cs - Importer: ScriptedImporter/UnityEditor.QuickSearchModule:UnityEditor.Search:ASIAI0B' with importer (ScriptedImporter : UnityEditor.QuickSearchModule:UnityEditor.Search:ASIAI0B)
Imported 'GUID: 4675673a75b20a14da0806d155b5680c' -> (Import Result ID: 'b2a1021dfb36874629f5a2c9acf461ba') in 0.016 seconds [static and dynamic dependencies]. Details - ImportResultOutputID=63f7447b4fe792214a43a7d456b4a137 DependenciesID=14b0185e0c4ccd8c44e6a4d98332b1de StaticDependenciesID=b3f9a766a7b79373bcd6008b18a36849 
Number of updated asset objects reloaded before import = 0
Number of asset objects unloaded after import = 0
========================================================================
Received Import Request.
  Time of request: 2026-09-13T12:49:51.3673097Z
  Time since last request: 0.0008976 seconds.
  importAddress: GUID: f6b5d170f39144847822c10b478f25e5 - Path: Packages/com.unity.collab-proxy/Editor/Hub/ParseArguments.cs - Importer: ScriptedImporter/UnityEditor.QuickSearchModule:UnityEditor.Search:ASIAI0B
Importing 'GUID: f6b5d170f39144847822c10b478f25e5 - Path: Packages/com.unity.collab-proxy/Editor/Hub/ParseArguments.cs - Importer: ScriptedImporter/UnityEditor.QuickSearchModule:UnityEditor.Search:ASIAI0B' with importer (ScriptedImporter : UnityEditor.QuickSearchModule:UnityEditor.Search:ASIAI0B)
Imported 'GUID: f6b5d170f39144847822c10b478f25e5' -> (Import Result ID: 'b9af5de0123e4f38e548e770fa0673b3') in 0.018 seconds [static and dynamic dependencies]. Details - ImportResultOutputID=19622123f135b6f3cbe59d1afc7d2f57 DependenciesID=c07256756a273ea21b0987109652ade6 StaticDependenciesID=f2df130ffe3d470e09826cbaea3f5deb 
Number of updated asset objects reloaded before import = 0
Number of asset objects unloaded after import = 0
========================================================================
Received Import Request.
  Time of request: 2026-09-13T12:49:51.3869388Z
  Time since last request: 0.0012275 seconds.
  importAddress: GUID: 9c41da65bf0c4ef2bcf303f406d8e2c8 - Path: Packages/com.unity.collab-proxy/Editor/Topbar/NotificationsArea.cs - Importer: ScriptedImporter/UnityEditor.QuickSearchModule:UnityEditor.Search:ASIAI0B
Importing 'GUID: 9c41da65bf0c4ef2bcf303f406d8e2c8 - Path: Packages/com.unity.collab-proxy/Editor/Topbar/NotificationsArea.cs - Importer: ScriptedImporter/UnityEditor.QuickSearchModule:UnityEditor.Search:ASIAI0B' with importer (ScriptedImporter : UnityEditor.QuickSearchModule:UnityEditor.Search:ASIAI0B)
Imported 'GUID: 9c41da65bf0c4ef2bcf303f406d8e2c8' -> (Import Result ID: 'ba794f720b94aeb9c9c3d949db42785e') in 0.017 seconds [static and dynamic dependencies]. Details - ImportResultOutputID=f4587b680227836bb2b6d81f7fd89839 DependenciesID=8ff671222b1ab21335b158674c6927c3 StaticDependenciesID=b2297770c744487ce512620477bdf3aa 
Number of updated asset objects reloaded before import = 0
Number of asset objects unloaded after import = 0
========================================================================
Received Import Request.
  Time of request: 2026-09-13T12:49:51.4063647Z
  Time since last request: 0.0010573 seconds.
  importAddress: GUID: f8fb5a27b8554a74b8c566355a3c50f9 - Path: Packages/com.unity.collab-proxy/Editor/StatusBar/NotificationBar.cs - Importer: ScriptedImporter/UnityEditor.QuickSearchModule:UnityEditor.Search:ASIAI0B
Importing 'GUID: f8fb5a27b8554a74b8c566355a3c50f9 - Path: Packages/com.unity.collab-proxy/Editor/StatusBar/NotificationBar.cs - Importer: ScriptedImporter/UnityEditor.QuickSearchModule:UnityEditor.Search:ASIAI0B' with importer (ScriptedImporter : UnityEditor.QuickSearchModule:UnityEditor.Search:ASIAI0B)
Imported 'GUID: f8fb5a27b8554a74b8c566355a3c50f9' -> (Import Result ID: '4f271f7afa85491c44e08af1d02c38e9') in 0.017 seconds [static and dynamic dependencies]. Details - ImportResultOutputID=8e971bb7633462f2c5a3a9b148d2b65d DependenciesID=30b9071e06475dad74793c706c468775 StaticDependenciesID=83204ba51c68c2eb525e68695b667f01 
Number of updated asset objects reloaded before import = 0
Number of asset objects unloaded after import = 0
========================================================================
Received Import Request.
  Time of request: 2026-09-13T12:49:51.4257851Z
  Time since last request: 0.0010598 seconds.
  importAddress: GUID: d097a5d507694ba7ac97bc9a9f2942e3 - Path: Packages/com.unity.collab-proxy/Editor/Settings/UVCSProjectSettingsProvider.cs - Importer: ScriptedImporter/UnityEditor.QuickSearchModule:UnityEditor.Search:ASIAI0B
Importing 'GUID: d097a5d507694ba7ac97bc9a9f2942e3 - Path: Packages/com.unity.collab-proxy/Editor/Settings/UVCSProjectSettingsProvider.cs - Importer: ScriptedImporter/UnityEditor.QuickSearchModule:UnityEditor.Search:ASIAI0B' with importer (ScriptedImporter : UnityEditor.QuickSearchModule:UnityEditor.Search:ASIAI0B)
Imported 'GUID: d097a5d507694ba7ac97bc9a9f2942e3' -> (Import Result ID: '4313fc3bf98f09591c93e0851f20250f') in 0.016 seconds [static and dynamic dependencies]. Details - ImportResultOutputID=002cdaa91bf7a354be93c32dd5a9a300 DependenciesID=63f697690122b91811d8edc1f7404ec4 StaticDependenciesID=c5bdbd06b130f8fd94780f4885fee56a 
Number of updated asset objects reloaded before import = 0
Number of asset objects unloaded after import = 0
========================================================================
Received Import Request.
  Time of request: 2026-09-13T12:49:51.4454486Z
  Time since last request: 0.002414 seconds.
  importAddress: GUID: 27cd9a46f12b440d8a4e4a0524330db8 - Path: Packages/com.unity.collab-proxy/Editor/Headless/HeadlessHistoryViewLauncher.cs - Importer: ScriptedImporter/UnityEditor.QuickSearchModule:UnityEditor.Search:ASIAI0B
Importing 'GUID: 27cd9a46f12b440d8a4e4a0524330db8 - Path: Packages/com.unity.collab-proxy/Editor/Headless/HeadlessHistoryViewLauncher.cs - Importer: ScriptedImporter/UnityEditor.QuickSearchModule:UnityEditor.Search:ASIAI0B' with importer (ScriptedImporter : UnityEditor.QuickSearchModule:UnityEditor.Search:ASIAI0B)
Imported 'GUID: 27cd9a46f12b440d8a4e4a0524330db8' -> (Import Result ID: 'acf94900c2944027352263eda3d2bab2') in 0.015 seconds [static and dynamic dependencies]. Details - ImportResultOutputID=0284eaff0e3770ad54de05364a5739fd DependenciesID=bf1afec104cf4a3125b703d13d3ce08c StaticDependenciesID=7df40b9ff6c651308c8e5fd665e7cb3a 
Number of updated asset objects reloaded before import = 0
Number of asset objects unloaded after import = 0
========================================================================
Received Import Request.
  Time of request: 2026-09-13T12:49:51.4628825Z
  Time since last request: 0.0021911 seconds.
  importAddress: GUID: 204b6e52ab6164e478f852a359e0c0c0 - Path: Packages/com.unity.collab-proxy/Editor/SceneView/DrawSceneOperations.cs - Importer: ScriptedImporter/UnityEditor.QuickSearchModule:UnityEditor.Search:ASIAI0B
Importing 'GUID: 204b6e52ab6164e478f852a359e0c0c0 - Path: Packages/com.unity.collab-proxy/Editor/SceneView/DrawSceneOperations.cs - Importer: ScriptedImporter/UnityEditor.QuickSearchModule:UnityEditor.Search:ASIAI0B' with importer (ScriptedImporter : UnityEditor.QuickSearchModule:UnityEditor.Search:ASIAI0B)
Imported 'GUID: 204b6e52ab6164e478f852a359e0c0c0' -> (Import Result ID: '92c8af7caea58561ea70967f48d00cf0') in 0.017 seconds [static and dynamic dependencies]. Details - ImportResultOutputID=d9e6a61e45babd4963925d4e059bb0c9 DependenciesID=c84d833660898e6295c8d64d8129bd97 StaticDependenciesID=bd9c40771bed39ac8ff323ff1cf6a729 
Number of updated asset objects reloaded before import = 0
Number of asset objects unloaded after import = 0
========================================================================
Received Import Request.
  Time of request: 2026-09-13T12:49:51.4823365Z
  Time since last request: 0.0004012 seconds.
  importAddress: GUID: 09b199e86de5d1944ab9106ca2c11f75 - Path: Packages/com.unity.collab-proxy/Editor/Gluon/ProgressOperationHandler.cs - Importer: ScriptedImporter/UnityEditor.QuickSearchModule:UnityEditor.Search:ASIAI0B
Importing 'GUID: 09b199e86de5d1944ab9106ca2c11f75 - Path: Packages/com.unity.collab-proxy/Editor/Gluon/ProgressOperationHandler.cs - Importer: ScriptedImporter/UnityEditor.QuickSearchModule:UnityEditor.Search:ASIAI0B' with importer (ScriptedImporter : UnityEditor.QuickSearchModule:UnityEditor.Search:ASIAI0B)
Imported 'GUID: 09b199e86de5d1944ab9106ca2c11f75' -> (Import Result ID: '104976b9e96c86d3d67aa7c7d3d7e4d7') in 0.020 seconds [static and dynamic dependencies]. Details - ImportResultOutputID=0f6184cd432f5b389905351b429328fe DependenciesID=8154cbae9e6e7b3b9efdbd4e1c6f7aa5 StaticDependenciesID=e332b55bb4eca34b49076b29368837fc 
Number of updated asset objects reloaded before import = 0
Number of asset objects unloaded after import = 0
========================================================================
Received Import Request.
  Time of request: 2026-09-13T12:49:51.5045224Z
  Time since last request: 0.0012576 seconds.
  importAddress: GUID: a6d05b29e607e62478df26227566e1b9 - Path: Packages/com.unity.collab-proxy/Editor/Tool/LaunchTool.cs - Importer: ScriptedImporter/UnityEditor.QuickSearchModule:UnityEditor.Search:ASIAI0B
Importing 'GUID: a6d05b29e607e62478df26227566e1b9 - Path: Packages/com.unity.collab-proxy/Editor/Tool/LaunchTool.cs - Importer: ScriptedImporter/UnityEditor.QuickSearchModule:UnityEditor.Search:ASIAI0B' with importer (ScriptedImporter : UnityEditor.QuickSearchModule:UnityEditor.Search:ASIAI0B)
Imported 'GUID: a6d05b29e607e62478df26227566e1b9' -> (Import Result ID: '2a615e63cefb2c90139c4bf18a3248fb') in 0.013 seconds [static and dynamic dependencies]. Details - ImportResultOutputID=bfc1415ed4898bf64e18120868316435 DependenciesID=738067a4e0635ae81e547b73232b8cb6 StaticDependenciesID=9e5bd7f7fbfaaed75da7cfd43ef0491b 
Number of updated asset objects reloaded before import = 0
Number of asset objects unloaded after import = 0
========================================================================
Received Import Request.
  Time of request: 2026-09-13T12:49:51.519752Z
  Time since last request: 0.0012143 seconds.
  importAddress: GUID: 318741862274d44d7a9e24a21a14fd8d - Path: Packages/com.unity.collab-proxy/Editor/Hashing/XxHash128.cs - Importer: ScriptedImporter/UnityEditor.QuickSearchModule:UnityEditor.Search:ASIAI0B
Importing 'GUID: 318741862274d44d7a9e24a21a14fd8d - Path: Packages/com.unity.collab-proxy/Editor/Hashing/XxHash128.cs - Importer: ScriptedImporter/UnityEditor.QuickSearchModule:UnityEditor.Search:ASIAI0B' with importer (ScriptedImporter : UnityEditor.QuickSearchModule:UnityEditor.Search:ASIAI0B)
Imported 'GUID: 318741862274d44d7a9e24a21a14fd8d' -> (Import Result ID: 'c60fb83c072792bace3a7632400d1536') in 0.014 seconds [static and dynamic dependencies]. Details - ImportResultOutputID=914f4ec42a667288e32b0ca43504a94b DependenciesID=8b04c25e89cfc10d36bfb8b0ce597b12 StaticDependenciesID=7b86f3f06852765d8194c3233ca43b17 
Number of updated asset objects reloaded before import = 0
Number of asset objects unloaded after import = 0
========================================================================
Received Import Request.
  Time of request: 2026-09-13T12:49:51.5357959Z
  Time since last request: 0.0012179 seconds.
  importAddress: GUID: cdd5bec613c44cd3b5fcd57177754bb9 - Path: Packages/com.unity.collab-proxy/Editor/Tool/IsExeVersion.cs - Importer: ScriptedImporter/UnityEditor.QuickSearchModule:UnityEditor.Search:ASIAI0B
Importing 'GUID: cdd5bec613c44cd3b5fcd57177754bb9 - Path: Packages/com.unity.collab-proxy/Editor/Tool/IsExeVersion.cs - Importer: ScriptedImporter/UnityEditor.QuickSearchModule:UnityEditor.Search:ASIAI0B' with importer (ScriptedImporter : UnityEditor.QuickSearchModule:UnityEditor.Search:ASIAI0B)
Imported 'GUID: cdd5bec613c44cd3b5fcd57177754bb9' -> (Import Result ID: 'efc1083feef94cbaff9e3bf53361f067') in 0.016 seconds [static and dynamic dependencies]. Details - ImportResultOutputID=a725fd0f5535ff870afc7c5ee726c957 DependenciesID=119c283abcf34fe27891bb74f9eb0fd8 StaticDependenciesID=f82d3d0297fe5392e2410779e003ddcf 
Number of updated asset objects reloaded before import = 0
Number of asset objects unloaded after import = 0
========================================================================
Received Import Request.
  Time of request: 2026-09-13T12:49:51.5538915Z
  Time since last request: 0.0011089 seconds.
  importAddress: GUID: d9f7fbcfec44541f38ad555a93fad564 - Path: Packages/com.unity.collab-proxy/Editor/Hashing/XxHash64.cs - Importer: ScriptedImporter/UnityEditor.QuickSearchModule:UnityEditor.Search:ASIAI0B
Importing 'GUID: d9f7fbcfec44541f38ad555a93fad564 - Path: Packages/com.unity.collab-proxy/Editor/Hashing/XxHash64.cs - Importer: ScriptedImporter/UnityEditor.QuickSearchModule:UnityEditor.Search:ASIAI0B' with importer (ScriptedImporter : UnityEditor.QuickSearchModule:UnityEditor.Search:ASIAI0B)
Imported 'GUID: d9f7fbcfec44541f38ad555a93fad564' -> (Import Result ID: '3d0f86b4f7de8e2585b59d0cb5b14d66') in 0.021 seconds [static and dynamic dependencies]. Details - ImportResultOutputID=150e434af6992be2a8b24baa83f7b98b DependenciesID=7e9fb93a29afda389c3e693af5313121 StaticDependenciesID=7ec633546619cd311df434ae7ebb0e48 
Number of updated asset objects reloaded before import = 0
Number of asset objects unloaded after import = 0
========================================================================
Received Import Request.
  Time of request: 2026-09-13T12:49:51.5778205Z
  Time since last request: 0.0021662 seconds.
  importAddress: GUID: 9b17ac8ceb35dc74fbf646862e01a782 - Path: Packages/com.unity.collab-proxy/Editor/Gluon/IncomingChangesNotification.cs - Importer: ScriptedImporter/UnityEditor.QuickSearchModule:UnityEditor.Search:ASIAI0B
Importing 'GUID: 9b17ac8ceb35dc74fbf646862e01a782 - Path: Packages/com.unity.collab-proxy/Editor/Gluon/IncomingChangesNotification.cs - Importer: ScriptedImporter/UnityEditor.QuickSearchModule:UnityEditor.Search:ASIAI0B' with importer (ScriptedImporter : UnityEditor.QuickSearchModule:UnityEditor.Search:ASIAI0B)
Imported 'GUID: 9b17ac8ceb35dc74fbf646862e01a782' -> (Import Result ID: '39479cebfd0b84664fb77a5b59861b1c') in 0.012 seconds [static and dynamic dependencies]. Details - ImportResultOutputID=70c0ff01ff3be9a6acf00b16efa5107d DependenciesID=fb36016e2fb693fa8905bab6eff1729f StaticDependenciesID=960bda9495362b7a22e7111273d326df 
Number of updated asset objects reloaded before import = 0
Number of asset objects unloaded after import = 0
========================================================================
Received Import Request.
  Time of request: 2026-09-13T12:49:51.591527Z
  Time since last request: 0.0010132 seconds.
  importAddress: GUID: 2e0d1d689c88f76448cad390443d7ba3 - Path: Packages/com.unity.collab-proxy/Editor/Tool/FindTool.cs - Importer: ScriptedImporter/UnityEditor.QuickSearchModule:UnityEditor.Search:ASIAI0B
Importing 'GUID: 2e0d1d689c88f76448cad390443d7ba3 - Path: Packages/com.unity.collab-proxy/Editor/Tool/FindTool.cs - Importer: ScriptedImporter/UnityEditor.QuickSearchModule:UnityEditor.Search:ASIAI0B' with importer (ScriptedImporter : UnityEditor.QuickSearchModule:UnityEditor.Search:ASIAI0B)
Imported 'GUID: 2e0d1d689c88f76448cad390443d7ba3' -> (Import Result ID: '28b46cd6921d4ebd520abca52004927e') in 0.013 seconds [static and dynamic dependencies]. Details - ImportResultOutputID=0bcf6c6f96e74614c41446a27efec9d3 DependenciesID=88676614bd34fc9c18519ba196dd7853 StaticDependenciesID=e6831530db94ab7cff97a06bb69ef959 
Number of updated asset objects reloaded before import = 0
Number of asset objects unloaded after import = 0
========================================================================
Received Import Request.
  Time of request: 2026-09-13T12:49:51.6066845Z
  Time since last request: 0.0012133 seconds.
  importAddress: GUID: c0faad526f5548c1a53c288b045580b0 - Path: Packages/com.unity.collab-proxy/Editor/UI/DelayedActionByFramesRunner.cs - Importer: ScriptedImporter/UnityEditor.QuickSearchModule:UnityEditor.Search:ASIAI0B
Importing 'GUID: c0faad526f5548c1a53c288b045580b0 - Path: Packages/com.unity.collab-proxy/Editor/UI/DelayedActionByFramesRunner.cs - Importer: ScriptedImporter/UnityEditor.QuickSearchModule:UnityEditor.Search:ASIAI0B' with importer (ScriptedImporter : UnityEditor.QuickSearchModule:UnityEditor.Search:ASIAI0B)
Imported 'GUID: c0faad526f5548c1a53c288b045580b0' -> (Import Result ID: 'ea57cd78ac7088e835386097eb96eb46') in 0.013 seconds [static and dynamic dependencies]. Details - ImportResultOutputID=fc19bee9dbe7203d2e931e8f35a5a204 DependenciesID=f34514b02e147d18e5bc1c857aab9cb6 StaticDependenciesID=0c2dc2483fc48574e30a6fcc9997e8e7 
Number of updated asset objects reloaded before import = 0
Number of asset objects unloaded after import = 0
========================================================================
Received Import Request.
  Time of request: 2026-09-13T12:49:51.6217759Z
  Time since last request: 0.001128 seconds.
  importAddress: GUID: f111698d5aafb61479afc143e389a014 - Path: Packages/com.unity.collab-proxy/Editor/Headless/HeadlessGluonUpdateProgress.cs - Importer: ScriptedImporter/UnityEditor.QuickSearchModule:UnityEditor.Search:ASIAI0B
Importing 'GUID: f111698d5aafb61479afc143e389a014 - Path: Packages/com.unity.collab-proxy/Editor/Headless/HeadlessGluonUpdateProgress.cs - Importer: ScriptedImporter/UnityEditor.QuickSearchModule:UnityEditor.Search:ASIAI0B' with importer (ScriptedImporter : UnityEditor.QuickSearchModule:UnityEditor.Search:ASIAI0B)
Imported 'GUID: f111698d5aafb61479afc143e389a014' -> (Import Result ID: 'd178346ce35d74898ca51ee93168ff09') in 0.016 seconds [static and dynamic dependencies]. Details - ImportResultOutputID=19efb81938f0ca2b61c1bb485760f0d3 DependenciesID=0f66104afd680bf000ab9d1269e24997 StaticDependenciesID=dce735e89cdb319f391edd762a9f8725 
Number of updated asset objects reloaded before import = 0
Number of asset objects unloaded after import = 0
========================================================================
Received Import Request.
  Time of request: 2026-09-13T12:49:51.6400307Z
  Time since last request: 0.001052 seconds.
  importAddress: GUID: 3a6fba741cdd5fb4982a73a4d791754f - Path: Packages/com.unity.collab-proxy/Editor/UI/DockEditorWindow.cs - Importer: ScriptedImporter/UnityEditor.QuickSearchModule:UnityEditor.Search:ASIAI0B
Importing 'GUID: 3a6fba741cdd5fb4982a73a4d791754f - Path: Packages/com.unity.collab-proxy/Editor/UI/DockEditorWindow.cs - Importer: ScriptedImporter/UnityEditor.QuickSearchModule:UnityEditor.Search:ASIAI0B' with importer (ScriptedImporter : UnityEditor.QuickSearchModule:UnityEditor.Search:ASIAI0B)
Imported 'GUID: 3a6fba741cdd5fb4982a73a4d791754f' -> (Import Result ID: '38b6dce0d7348af18655ac0e0ec7f56c') in 0.021 seconds [static and dynamic dependencies]. Details - ImportResultOutputID=6115983145658f13f73cc42b29f7f854 DependenciesID=571f274a33860a56972b48108450de58 StaticDependenciesID=22c7bd20b754347ea2ed96581e8c9cb0 
Number of updated asset objects reloaded before import = 0
Number of asset objects unloaded after import = 0
========================================================================
Received Import Request.
  Time of request: 2026-09-13T12:49:51.6635841Z
  Time since last request: 0.0015438 seconds.
  importAddress: GUID: eda42d85846dab04a81db79ea2ab5e12 - Path: Packages/com.unity.collab-proxy/Editor/UI/DrawCopyableLabel.cs - Importer: ScriptedImporter/UnityEditor.QuickSearchModule:UnityEditor.Search:ASIAI0B
Importing 'GUID: eda42d85846dab04a81db79ea2ab5e12 - Path: Packages/com.unity.collab-proxy/Editor/UI/DrawCopyableLabel.cs - Importer: ScriptedImporter/UnityEditor.QuickSearchModule:UnityEditor.Search:ASIAI0B' with importer (ScriptedImporter : UnityEditor.QuickSearchModule:UnityEditor.Search:ASIAI0B)
Imported 'GUID: eda42d85846dab04a81db79ea2ab5e12' -> (Import Result ID: '626498302365dc0cb2d8aac4ada89179') in 0.019 seconds [static and dynamic dependencies]. Details - ImportResultOutputID=5fb4c12dd2ac0a64f5161a81f7ac983a DependenciesID=45a14f0f3ab1c8c7124be065dd339519 StaticDependenciesID=6151cc601f71f380b0628c014ea3679d 
Number of updated asset objects reloaded before import = 0
Number of asset objects unloaded after import = 0
========================================================================
Received Import Request.
  Time of request: 2026-09-13T12:49:51.6849543Z
  Time since last request: 0.0015396 seconds.
  importAddress: GUID: 640fd06dff6f43498693eeda77683e6e - Path: Packages/com.unity.collab-proxy/Editor/UI/DrawActionButtonWithMenu.cs - Importer: ScriptedImporter/UnityEditor.QuickSearchModule:UnityEditor.Search:ASIAI0B
Importing 'GUID: 640fd06dff6f43498693eeda77683e6e - Path: Packages/com.unity.collab-proxy/Editor/UI/DrawActionButtonWithMenu.cs - Importer: ScriptedImporter/UnityEditor.QuickSearchModule:UnityEditor.Search:ASIAI0B' with importer (ScriptedImporter : UnityEditor.QuickSearchModule:UnityEditor.Search:ASIAI0B)
Imported 'GUID: 640fd06dff6f43498693eeda77683e6e' -> (Import Result ID: 'c7abb228b648f7d384d8d7e74db5ad88') in 0.017 seconds [static and dynamic dependencies]. Details - ImportResultOutputID=c5bdf337ab51e88ae38d0f61472988c2 DependenciesID=a10a868a8150c7a18eb2bd801f796101 StaticDependenciesID=c1137ecf4b1ffb529e7dc70b12ac577c 
Number of updated asset objects reloaded before import = 0
Number of asset objects unloaded after import = 0
========================================================================
Received Import Request.
  Time of request: 2026-09-13T12:49:51.7255057Z
  Time since last request: 0.0226357 seconds.
  importAddress: GUID: da54c27b153842f8b52711ef467ad986 - Path: Packages/com.unity.collab-proxy/Editor/Views/ApplyShelveWithConflictsQuestionerBuilder.cs - Importer: ScriptedImporter/UnityEditor.QuickSearchModule:UnityEditor.Search:ASIAI0B
Importing 'GUID: da54c27b153842f8b52711ef467ad986 - Path: Packages/com.unity.collab-proxy/Editor/Views/ApplyShelveWithConflictsQuestionerBuilder.cs - Importer: ScriptedImporter/UnityEditor.QuickSearchModule:UnityEditor.Search:ASIAI0B' with importer (ScriptedImporter : UnityEditor.QuickSearchModule:UnityEditor.Search:ASIAI0B)
Imported 'GUID: da54c27b153842f8b52711ef467ad986' -> (Import Result ID: '98c6e989f8f34a9a9f2686b0d9386389') in 0.014 seconds [static and dynamic dependencies]. Details - ImportResultOutputID=51f0924651413430c7d60368c4cac527 DependenciesID=9c7e8427b0c261d7bdacd8f28bb11d15 StaticDependenciesID=6ad0da1cb78034f1a4fc3258854a2d89 
Number of updated asset objects reloaded before import = 0
Number of asset objects unloaded after import = 0
========================================================================
Received Import Request.
  Time of request: 2026-09-13T12:49:51.7431643Z
  Time since last request: 0.0026803 seconds.
  importAddress: GUID: 01023c055f6f08e408b78d36d5f7a803 - Path: Packages/com.unity.collab-proxy/Editor/UI/HandleMenuItem.cs - Importer: ScriptedImporter/UnityEditor.QuickSearchModule:UnityEditor.Search:ASIAI0B
Importing 'GUID: 01023c055f6f08e408b78d36d5f7a803 - Path: Packages/com.unity.collab-proxy/Editor/UI/HandleMenuItem.cs - Importer: ScriptedImporter/UnityEditor.QuickSearchModule:UnityEditor.Search:ASIAI0B' with importer (ScriptedImporter : UnityEditor.QuickSearchModule:UnityEditor.Search:ASIAI0B)
Imported 'GUID: 01023c055f6f08e408b78d36d5f7a803' -> (Import Result ID: '3945383dbb22d5441818aff069a9d49d') in 0.012 seconds [static and dynamic dependencies]. Details - ImportResultOutputID=a098edb6558ceb93a0b716babfc6686e DependenciesID=c3fb1e33bafacf42ad32ec0785ce3aa4 StaticDependenciesID=5a2890a9979cb923a627c34f52a121be 
Number of updated asset objects reloaded before import = 0
Number of asset objects unloaded after import = 0
========================================================================
Received Import Request.
  Time of request: 2026-09-13T12:49:51.7567239Z
  Time since last request: 0.0012323 seconds.
  importAddress: GUID: c60feb8f0f5f57c4393eae9a43529616 - Path: Packages/com.unity.collab-proxy/Editor/UI/UnityConstants.cs - Importer: ScriptedImporter/UnityEditor.QuickSearchModule:UnityEditor.Search:ASIAI0B
Importing 'GUID: c60feb8f0f5f57c4393eae9a43529616 - Path: Packages/com.unity.collab-proxy/Editor/UI/UnityConstants.cs - Importer: ScriptedImporter/UnityEditor.QuickSearchModule:UnityEditor.Search:ASIAI0B' with importer (ScriptedImporter : UnityEditor.QuickSearchModule:UnityEditor.Search:ASIAI0B)
Imported 'GUID: c60feb8f0f5f57c4393eae9a43529616' -> (Import Result ID: 'ec7ff66e60c8607f5d4d04222b20c24a') in 0.011 seconds [static and dynamic dependencies]. Details - ImportResultOutputID=d59d98d0547c778a230d17e1ececfa67 DependenciesID=b9bb94267618aa86b3e2e4345b1c1b9c StaticDependenciesID=5f7696515fc4895c9ea10373f3752790 
Number of updated asset objects reloaded before import = 0
Number of asset objects unloaded after import = 0
========================================================================
Received Import Request.
  Time of request: 2026-09-13T12:49:51.7712726Z
  Time since last request: 0.0033832 seconds.
  importAddress: GUID: e4830608cb1ca7f4289f521d7578de88 - Path: Packages/com.unity.collab-proxy/Editor/UI/GetOverlayRect.cs - Importer: ScriptedImporter/UnityEditor.QuickSearchModule:UnityEditor.Search:ASIAI0B
Importing 'GUID: e4830608cb1ca7f4289f521d7578de88 - Path: Packages/com.unity.collab-proxy/Editor/UI/GetOverlayRect.cs - Importer: ScriptedImporter/UnityEditor.QuickSearchModule:UnityEditor.Search:ASIAI0B' with importer (ScriptedImporter : UnityEditor.QuickSearchModule:UnityEditor.Search:ASIAI0B)
Imported 'GUID: e4830608cb1ca7f4289f521d7578de88' -> (Import Result ID: '34556d11e70ada08689413af746fa4f2') in 0.039 seconds [static and dynamic dependencies]. Details - ImportResultOutputID=22fab35bb85860505db15043afbada2e DependenciesID=b3213fe0a974bef42d22d9b3ede1ea7b StaticDependenciesID=41d37dd974abe1e2f3be02a7695b1ceb 
Number of updated asset objects reloaded before import = 0
Number of asset objects unloaded after import = 0
========================================================================
Received Import Request.
  Time of request: 2026-09-13T12:49:51.8126824Z
  Time since last request: 0.001322 seconds.
  importAddress: GUID: 84ce5571ebc476e45b6c9bc6644599c2 - Path: Packages/com.unity.collab-proxy/Editor/UI/EditorWindowFocus.cs - Importer: ScriptedImporter/UnityEditor.QuickSearchModule:UnityEditor.Search:ASIAI0B
Importing 'GUID: 84ce5571ebc476e45b6c9bc6644599c2 - Path: Packages/com.unity.collab-proxy/Editor/UI/EditorWindowFocus.cs - Importer: ScriptedImporter/UnityEditor.QuickSearchModule:UnityEditor.Search:ASIAI0B' with importer (ScriptedImporter : UnityEditor.QuickSearchModule:UnityEditor.Search:ASIAI0B)
Imported 'GUID: 84ce5571ebc476e45b6c9bc6644599c2' -> (Import Result ID: '0a3b7525f2e89e3c5fbb85eedf3a6355') in 0.031 seconds [static and dynamic dependencies]. Details - ImportResultOutputID=a5abd1fe16f2ab318cd1d47ab3dc042a DependenciesID=48a1f727c10010244e04c45f88a0db29 StaticDependenciesID=6999f2ec623a6eb072c4d726439e48ba 
Number of updated asset objects reloaded before import = 0
Number of asset objects unloaded after import = 0
========================================================================
Received Import Request.
  Time of request: 2026-09-13T12:49:51.8458856Z
  Time since last request: 0.0017718 seconds.
  importAddress: GUID: 023009af66be2da4d84bf23700528308 - Path: Packages/com.unity.collab-proxy/Editor/UI/UnityEvents.cs - Importer: ScriptedImporter/UnityEditor.QuickSearchModule:UnityEditor.Search:ASIAI0B
Importing 'GUID: 023009af66be2da4d84bf23700528308 - Path: Packages/com.unity.collab-proxy/Editor/UI/UnityEvents.cs - Importer: ScriptedImporter/UnityEditor.QuickSearchModule:UnityEditor.Search:ASIAI0B' with importer (ScriptedImporter : UnityEditor.QuickSearchModule:UnityEditor.Search:ASIAI0B)
Imported 'GUID: 023009af66be2da4d84bf23700528308' -> (Import Result ID: '5e5e150906d912dc3ef817d88fca584d') in 0.040 seconds [static and dynamic dependencies]. Details - ImportResultOutputID=a6fd94e269cf42a624b4d7cb3b370046 DependenciesID=05658f4f71f3bce71aec49bbcbbe37d0 StaticDependenciesID=71239af3bdc2a057e65365f8b97689f8 
Number of updated asset objects reloaded before import = 0
Number of asset objects unloaded after import = 0
========================================================================
Received Import Request.
  Time of request: 2026-09-13T12:49:51.8877777Z
  Time since last request: 0.0014448 seconds.
  importAddress: GUID: 660c279d5b14417c81d49ee4152e99a7 - Path: Packages/com.unity.collab-proxy/Editor/UnityInternals/UnityInternalsInjector.cs - Importer: ScriptedImporter/UnityEditor.QuickSearchModule:UnityEditor.Search:ASIAI0B
Importing 'GUID: 660c279d5b14417c81d49ee4152e99a7 - Path: Packages/com.unity.collab-proxy/Editor/UnityInternals/UnityInternalsInjector.cs - Importer: ScriptedImporter/UnityEditor.QuickSearchModule:UnityEditor.Search:ASIAI0B' with importer (ScriptedImporter : UnityEditor.QuickSearchModule:UnityEditor.Search:ASIAI0B)
Imported 'GUID: 660c279d5b14417c81d49ee4152e99a7' -> (Import Result ID: '8a9858a97c4f11c53fbf5fa675546ad7') in 0.017 seconds [static and dynamic dependencies]. Details - ImportResultOutputID=67e586d7f0964be43119f85f3c9fe161 DependenciesID=c4ec7949f48acd8e3c2c3beab594cf55 StaticDependenciesID=0d75895c09153c2e509298cf69d892ec 
Number of updated asset objects reloaded before import = 0
Number of asset objects unloaded after import = 0
========================================================================
Received Import Request.
  Time of request: 2026-09-13T12:49:51.9095084Z
  Time since last request: 0.0041905 seconds.
  importAddress: GUID: d765c78b18a58b14a986b34841ae9c52 - Path: Packages/com.unity.collab-proxy/Editor/UI/Images.cs - Importer: ScriptedImporter/UnityEditor.QuickSearchModule:UnityEditor.Search:ASIAI0B
Importing 'GUID: d765c78b18a58b14a986b34841ae9c52 - Path: Packages/com.unity.collab-proxy/Editor/UI/Images.cs - Importer: ScriptedImporter/UnityEditor.QuickSearchModule:UnityEditor.Search:ASIAI0B' with importer (ScriptedImporter : UnityEditor.QuickSearchModule:UnityEditor.Search:ASIAI0B)
Imported 'GUID: d765c78b18a58b14a986b34841ae9c52' -> (Import Result ID: '994db6d3e25ec2613889d9ef1b8b7459') in 0.015 seconds [static and dynamic dependencies]. Details - ImportResultOutputID=8f6b3e2cc1a770c9721976f7b68fb726 DependenciesID=58d223299158c3f2b0f59022c8219ab2 StaticDependenciesID=ff39466cf8f66a9f3b3e64fbe482bc75 
Number of updated asset objects reloaded before import = 0
Number of asset objects unloaded after import = 0
========================================================================
Received Import Request.
  Time of request: 2026-09-13T12:49:51.9268221Z
  Time since last request: 0.0017886 seconds.
  importAddress: GUID: 0f222cc01be81b842b1333c92fb7355c - Path: Packages/com.unity.collab-proxy/Editor/UI/DrawUserIcon.cs - Importer: ScriptedImporter/UnityEditor.QuickSearchModule:UnityEditor.Search:ASIAI0B
Importing 'GUID: 0f222cc01be81b842b1333c92fb7355c - Path: Packages/com.unity.collab-proxy/Editor/UI/DrawUserIcon.cs - Importer: ScriptedImporter/UnityEditor.QuickSearchModule:UnityEditor.Search:ASIAI0B' with importer (ScriptedImporter : UnityEditor.QuickSearchModule:UnityEditor.Search:ASIAI0B)
Imported 'GUID: 0f222cc01be81b842b1333c92fb7355c' -> (Import Result ID: 'a14b089e07e8f5b834f12d6645bc036b') in 0.014 seconds [static and dynamic dependencies]. Details - ImportResultOutputID=5fafcf8998114fc276d02f0f3ba1c5a7 DependenciesID=1c4935a6bb001949a3a4c5d2ed8fce70 StaticDependenciesID=ba71c24700c0123780f2f7adb443cd7f 
Number of updated asset objects reloaded before import = 0
Number of asset objects unloaded after import = 0
========================================================================
Received Import Request.
  Time of request: 2026-09-13T12:49:51.9424844Z
  Time since last request: 0.0011264 seconds.
  importAddress: GUID: 2bdca37e8ede38949a186765fa1eefc6 - Path: Packages/com.unity.collab-proxy/Editor/UI/ShowWindow.cs - Importer: ScriptedImporter/UnityEditor.QuickSearchModule:UnityEditor.Search:ASIAI0B
Importing 'GUID: 2bdca37e8ede38949a186765fa1eefc6 - Path: Packages/com.unity.collab-proxy/Editor/UI/ShowWindow.cs - Importer: ScriptedImporter/UnityEditor.QuickSearchModule:UnityEditor.Search:ASIAI0B' with importer (ScriptedImporter : UnityEditor.QuickSearchModule:UnityEditor.Search:ASIAI0B)
Imported 'GUID: 2bdca37e8ede38949a186765fa1eefc6' -> (Import Result ID: '62a2196a2c464ae0603168e186199002') in 0.015 seconds [static and dynamic dependencies]. Details - ImportResultOutputID=218810e59e4d3f774b037683f91564c0 DependenciesID=5ff0809e840de66bd29ef04c5fcc1c48 StaticDependenciesID=c728301cb8fc1efd595aaec4332a03dc 
Number of updated asset objects reloaded before import = 0
Number of asset objects unloaded after import = 0
========================================================================
Received Import Request.
  Time of request: 2026-09-13T12:49:51.9595948Z
  Time since last request: 0.0013207 seconds.
  importAddress: GUID: ddfa6de84251ce4448a66bad9e7d326e - Path: Packages/com.unity.collab-proxy/Editor/UI/DrawSplitter.cs - Importer: ScriptedImporter/UnityEditor.QuickSearchModule:UnityEditor.Search:ASIAI0B
Importing 'GUID: ddfa6de84251ce4448a66bad9e7d326e - Path: Packages/com.unity.collab-proxy/Editor/UI/DrawSplitter.cs - Importer: ScriptedImporter/UnityEditor.QuickSearchModule:UnityEditor.Search:ASIAI0B' with importer (ScriptedImporter : UnityEditor.QuickSearchModule:UnityEditor.Search:ASIAI0B)
Imported 'GUID: ddfa6de84251ce4448a66bad9e7d326e' -> (Import Result ID: 'e23eb59ca8da4370ce8e3a5a9555d6c9') in 0.013 seconds [static and dynamic dependencies]. Details - ImportResultOutputID=53df64f7eb2cba89b9d34bc22e1bd6f1 DependenciesID=2c6ec477b4d29ed78de19dbcf522e592 StaticDependenciesID=d3204985f42395f9c4cb27b00f7c582f 
Number of updated asset objects reloaded before import = 0
Number of asset objects unloaded after import = 0
========================================================================
Received Import Request.
  Time of request: 2026-09-13T12:49:51.9750395Z
  Time since last request: 0.001614 seconds.
  importAddress: GUID: 83e946775d0516c4aba77860a60ed6e6 - Path: Packages/com.unity.collab-proxy/Editor/UI/UnityThreadWaiter.cs - Importer: ScriptedImporter/UnityEditor.QuickSearchModule:UnityEditor.Search:ASIAI0B
Importing 'GUID: 83e946775d0516c4aba77860a60ed6e6 - Path: Packages/com.unity.collab-proxy/Editor/UI/UnityThreadWaiter.cs - Importer: ScriptedImporter/UnityEditor.QuickSearchModule:UnityEditor.Search:ASIAI0B' with importer (ScriptedImporter : UnityEditor.QuickSearchModule:UnityEditor.Search:ASIAI0B)
Imported 'GUID: 83e946775d0516c4aba77860a60ed6e6' -> (Import Result ID: '227893c268ce1cc9b26f255877d4dca6') in 0.020 seconds [static and dynamic dependencies]. Details - ImportResultOutputID=9a4687c8507c8de7a60f7dd6242221f0 DependenciesID=d51d8a6bceafcfd7c07e7bdba26cc198 StaticDependenciesID=94622dca547fc8e08af1a33249b4d601 
Number of updated asset objects reloaded before import = 0
Number of asset objects unloaded after import = 0
========================================================================
Received Import Request.
  Time of request: 2026-09-13T12:49:51.9970717Z
  Time since last request: 0.0014679 seconds.
  importAddress: GUID: d1c46ccb760d06146a24b7e265e19566 - Path: Packages/com.unity.collab-proxy/Editor/WebApi/CredentialsResponse.cs - Importer: ScriptedImporter/UnityEditor.QuickSearchModule:UnityEditor.Search:ASIAI0B
Importing 'GUID: d1c46ccb760d06146a24b7e265e19566 - Path: Packages/com.unity.collab-proxy/Editor/WebApi/CredentialsResponse.cs - Importer: ScriptedImporter/UnityEditor.QuickSearchModule:UnityEditor.Search:ASIAI0B' with importer (ScriptedImporter : UnityEditor.QuickSearchModule:UnityEditor.Search:ASIAI0B)
Imported 'GUID: d1c46ccb760d06146a24b7e265e19566' -> (Import Result ID: '16c276653936efd8c62088c9a1cb5ab6') in 0.021 seconds [static and dynamic dependencies]. Details - ImportResultOutputID=c4b041525a28878d192180760e9039f0 DependenciesID=c404b6e411be4bd0e2d3e900819ce555 StaticDependenciesID=9f3638618811de5764c9c23e34782d7c 
Number of updated asset objects reloaded before import = 0
Number of asset objects unloaded after import = 0
========================================================================
Received Import Request.
  Time of request: 2026-09-13T12:49:52.0222924Z
  Time since last request: 0.0011079 seconds.
  importAddress: GUID: d2e4782a922433041be291edaf12421a - Path: Packages/com.unity.collab-proxy/Editor/UI/DropDownTextField.cs - Importer: ScriptedImporter/UnityEditor.QuickSearchModule:UnityEditor.Search:ASIAI0B
Importing 'GUID: d2e4782a922433041be291edaf12421a - Path: Packages/com.unity.collab-proxy/Editor/UI/DropDownTextField.cs - Importer: ScriptedImporter/UnityEditor.QuickSearchModule:UnityEditor.Search:ASIAI0B' with importer (ScriptedImporter : UnityEditor.QuickSearchModule:UnityEditor.Search:ASIAI0B)
Imported 'GUID: d2e4782a922433041be291edaf12421a' -> (Import Result ID: '33e4fb123aa23bbd49a46d0e18708fdb') in 0.030 seconds [static and dynamic dependencies]. Details - ImportResultOutputID=c487fb745e8e12684faf89905df83939 DependenciesID=03ca9d92918c83e06b4f6ee0dcc2393c StaticDependenciesID=71c1b7f7021904b7f2d0a5b1b19d27a3 
Number of updated asset objects reloaded before import = 0
Number of asset objects unloaded after import = 0
========================================================================
Received Import Request.
  Time of request: 2026-09-13T12:49:52.05618Z
  Time since last request: 0.0023631 seconds.
  importAddress: GUID: d09e9a1cd2c8d457790c3c2161996c59 - Path: Packages/com.unity.collab-proxy/Editor/UI/EditorWindowHost.cs - Importer: ScriptedImporter/UnityEditor.QuickSearchModule:UnityEditor.Search:ASIAI0B
Importing 'GUID: d09e9a1cd2c8d457790c3c2161996c59 - Path: Packages/com.unity.collab-proxy/Editor/UI/EditorWindowHost.cs - Importer: ScriptedImporter/UnityEditor.QuickSearchModule:UnityEditor.Search:ASIAI0B' with importer (ScriptedImporter : UnityEditor.QuickSearchModule:UnityEditor.Search:ASIAI0B)
Imported 'GUID: d09e9a1cd2c8d457790c3c2161996c59' -> (Import Result ID: '26063103b3965c180d1b31192d847730') in 0.021 seconds [static and dynamic dependencies]. Details - ImportResultOutputID=1cefeec5f9c7d1e0a70def72f46909db DependenciesID=e0ab38552eef5633ba5425a07a887540 StaticDependenciesID=f60a2bae90e12deee7bfd2b90d8f69bd 
Number of updated asset objects reloaded before import = 0
Number of asset objects unloaded after import = 0
========================================================================
Received Import Request.
  Time of request: 2026-09-13T12:49:52.0788289Z
  Time since last request: 0.0014363 seconds.
  importAddress: GUID: 792f2bf6e6d57db4f93253a322673bc7 - Path: Packages/com.unity.collab-proxy/Editor/UVCSToolbar/ToolbarController.cs - Importer: ScriptedImporter/UnityEditor.QuickSearchModule:UnityEditor.Search:ASIAI0B
Importing 'GUID: 792f2bf6e6d57db4f93253a322673bc7 - Path: Packages/com.unity.collab-proxy/Editor/UVCSToolbar/ToolbarController.cs - Importer: ScriptedImporter/UnityEditor.QuickSearchModule:UnityEditor.Search:ASIAI0B' with importer (ScriptedImporter : UnityEditor.QuickSearchModule:UnityEditor.Search:ASIAI0B)
Imported 'GUID: 792f2bf6e6d57db4f93253a322673bc7' -> (Import Result ID: '355f0acafb5270da09ca24beccf99268') in 0.032 seconds [static and dynamic dependencies]. Details - ImportResultOutputID=fc4ac97e565fd02c695456dd97e914ac DependenciesID=9a4ef0c2bd769ee70ca903e121b749e6 StaticDependenciesID=9b9f1a86bfa9719498f88b3425d50cfb 
Number of updated asset objects reloaded before import = 0
Number of asset objects unloaded after import = 0
========================================================================
Received Import Request.
  Time of request: 2026-09-13T12:49:52.1135306Z
  Time since last request: 0.0021702 seconds.
  importAddress: GUID: ccc33cdb0ce54f878e30b674fe635381 - Path: Packages/com.unity.collab-proxy/Editor/UI/RectExtensions.cs - Importer: ScriptedImporter/UnityEditor.QuickSearchModule:UnityEditor.Search:ASIAI0B
Importing 'GUID: ccc33cdb0ce54f878e30b674fe635381 - Path: Packages/com.unity.collab-proxy/Editor/UI/RectExtensions.cs - Importer: ScriptedImporter/UnityEditor.QuickSearchModule:UnityEditor.Search:ASIAI0B' with importer (ScriptedImporter : UnityEditor.QuickSearchModule:UnityEditor.Search:ASIAI0B)
Imported 'GUID: ccc33cdb0ce54f878e30b674fe635381' -> (Import Result ID: 'f2bb3aa9fe2655c23ba861f6f7c1cee8') in 0.023 seconds [static and dynamic dependencies]. Details - ImportResultOutputID=a602fd6ebbb4ce112b4f1034c2a986be DependenciesID=b094898e3aaf9f74e13717738cced8cb StaticDependenciesID=5d4828ba61a24d42b43f8f0564ad30e7 
Number of updated asset objects reloaded before import = 0
Number of asset objects unloaded after import = 0
========================================================================
Received Import Request.
  Time of request: 2026-09-13T12:49:52.1380787Z
  Time since last request: 0.0008622 seconds.
  importAddress: GUID: 5474cb78511de04459cac50d50b9d9e0 - Path: Packages/com.unity.collab-proxy/Editor/UI/DrawSearchField.cs - Importer: ScriptedImporter/UnityEditor.QuickSearchModule:UnityEditor.Search:ASIAI0B
Importing 'GUID: 5474cb78511de04459cac50d50b9d9e0 - Path: Packages/com.unity.collab-proxy/Editor/UI/DrawSearchField.cs - Importer: ScriptedImporter/UnityEditor.QuickSearchModule:UnityEditor.Search:ASIAI0B' with importer (ScriptedImporter : UnityEditor.QuickSearchModule:UnityEditor.Search:ASIAI0B)
Imported 'GUID: 5474cb78511de04459cac50d50b9d9e0' -> (Import Result ID: '2d48580802e333523a4b932e6ebaa446') in 0.020 seconds [static and dynamic dependencies]. Details - ImportResultOutputID=7f0542b18a6806bd0900b68f1bf6419f DependenciesID=c5deb7320088b5ca39f9fa8ffc3b2684 StaticDependenciesID=9716d22a65dec0ece27e0df11d473283 
Number of updated asset objects reloaded before import = 0
Number of asset objects unloaded after import = 0
========================================================================
Received Import Request.
  Time of request: 2026-09-13T12:49:52.1601534Z
  Time since last request: 0.0012722 seconds.
  importAddress: GUID: 5717b3e29bf6a2b48be2cf9d0707c505 - Path: Packages/com.unity.collab-proxy/Editor/UVCSToolbar/UVCSToolbar.cs - Importer: ScriptedImporter/UnityEditor.QuickSearchModule:UnityEditor.Search:ASIAI0B
Importing 'GUID: 5717b3e29bf6a2b48be2cf9d0707c505 - Path: Packages/com.unity.collab-proxy/Editor/UVCSToolbar/UVCSToolbar.cs - Importer: ScriptedImporter/UnityEditor.QuickSearchModule:UnityEditor.Search:ASIAI0B' with importer (ScriptedImporter : UnityEditor.QuickSearchModule:UnityEditor.Search:ASIAI0B)
Imported 'GUID: 5717b3e29bf6a2b48be2cf9d0707c505' -> (Import Result ID: 'a1a3360734b0e3efeb3cba147fd9ae9c') in 0.014 seconds [static and dynamic dependencies]. Details - ImportResultOutputID=7d1381cb2c727db913edf9aa61aaf236 DependenciesID=e2a6cf438e8da639211aa83cc4029537 StaticDependenciesID=ee16ffcbd2274f464d963268fb2b4eaf 
Number of updated asset objects reloaded before import = 0
Number of asset objects unloaded after import = 0
========================================================================
Received Import Request.
  Time of request: 2026-09-13T12:49:52.1759455Z
  Time since last request: 0.0015464 seconds.
  importAddress: GUID: e436e24eba68eff48b3fb264ad0ab953 - Path: Packages/com.unity.collab-proxy/Editor/UI/EditorProgressControls.cs - Importer: ScriptedImporter/UnityEditor.QuickSearchModule:UnityEditor.Search:ASIAI0B
Importing 'GUID: e436e24eba68eff48b3fb264ad0ab953 - Path: Packages/com.unity.collab-proxy/Editor/UI/EditorProgressControls.cs - Importer: ScriptedImporter/UnityEditor.QuickSearchModule:UnityEditor.Search:ASIAI0B' with importer (ScriptedImporter : UnityEditor.QuickSearchModule:UnityEditor.Search:ASIAI0B)
Imported 'GUID: e436e24eba68eff48b3fb264ad0ab953' -> (Import Result ID: 'a85e460af5adf44ddc3102574241f658') in 0.035 seconds [static and dynamic dependencies]. Details - ImportResultOutputID=c80a2f8d5317453bd0e6886764c23838 DependenciesID=6136942dc8fa71229f485c0736044ed2 StaticDependenciesID=997c983d7301f7b8efd3e792323addda 
Number of updated asset objects reloaded before import = 0
Number of asset objects unloaded after import = 0
========================================================================
Received Import Request.
  Time of request: 2026-09-13T12:49:52.2129434Z
  Time since last request: 0.0016187 seconds.
  importAddress: GUID: de396a7891b8b7f4f9649c3ccee67421 - Path: Packages/com.unity.collab-proxy/Editor/UI/EnumPopupSetting.cs - Importer: ScriptedImporter/UnityEditor.QuickSearchModule:UnityEditor.Search:ASIAI0B
Importing 'GUID: de396a7891b8b7f4f9649c3ccee67421 - Path: Packages/com.unity.collab-proxy/Editor/UI/EnumPopupSetting.cs - Importer: ScriptedImporter/UnityEditor.QuickSearchModule:UnityEditor.Search:ASIAI0B' with importer (ScriptedImporter : UnityEditor.QuickSearchModule:UnityEditor.Search:ASIAI0B)
Imported 'GUID: de396a7891b8b7f4f9649c3ccee67421' -> (Import Result ID: '9b986712cefe7d1ba04f58c2a11f8b9b') in 0.018 seconds [static and dynamic dependencies]. Details - ImportResultOutputID=5ad6a41f156eb54de3bf188b25843d2a DependenciesID=140beb9b2fdcd9d33932b662c874bd6a StaticDependenciesID=3e4a87eb5ff15bdb6f39f9e84dedae06 
Number of updated asset objects reloaded before import = 0
Number of asset objects unloaded after import = 0
========================================================================
Received Import Request.
  Time of request: 2026-09-13T12:49:52.2352346Z
  Time since last request: 0.0026868 seconds.
  importAddress: GUID: a55fcf87e0ee4d5a83d10fab9c9407fe - Path: Packages/com.unity.collab-proxy/Editor/Views/SelectNewCodeReviewBehavior.cs - Importer: ScriptedImporter/UnityEditor.QuickSearchModule:UnityEditor.Search:ASIAI0B
Importing 'GUID: a55fcf87e0ee4d5a83d10fab9c9407fe - Path: Packages/com.unity.collab-proxy/Editor/Views/SelectNewCodeReviewBehavior.cs - Importer: ScriptedImporter/UnityEditor.QuickSearchModule:UnityEditor.Search:ASIAI0B' with importer (ScriptedImporter : UnityEditor.QuickSearchModule:UnityEditor.Search:ASIAI0B)
Imported 'GUID: a55fcf87e0ee4d5a83d10fab9c9407fe' -> (Import Result ID: 'cb1c1eb936a33b646c13b12b8a7f64fc') in 0.014 seconds [static and dynamic dependencies]. Details - ImportResultOutputID=6a6351c1fc56a188dd219f3358347829 DependenciesID=135cbc8da046087aa9b7f49e1732e0f2 StaticDependenciesID=fd47d7398391659aac7e602a04550e41 
Number of updated asset objects reloaded before import = 0
Number of asset objects unloaded after import = 0
========================================================================
Received Import Request.
  Time of request: 2026-09-13T12:49:52.2529708Z
  Time since last request: 0.0034025 seconds.
  importAddress: GUID: 61c9e0bcd840dcb4f907e8cc9b89772a - Path: Packages/com.unity.collab-proxy/Editor/UI/GUIContentNotification.cs - Importer: ScriptedImporter/UnityEditor.QuickSearchModule:UnityEditor.Search:ASIAI0B
Importing 'GUID: 61c9e0bcd840dcb4f907e8cc9b89772a - Path: Packages/com.unity.collab-proxy/Editor/UI/GUIContentNotification.cs - Importer: ScriptedImporter/UnityEditor.QuickSearchModule:UnityEditor.Search:ASIAI0B' with importer (ScriptedImporter : UnityEditor.QuickSearchModule:UnityEditor.Search:ASIAI0B)
Imported 'GUID: 61c9e0bcd840dcb4f907e8cc9b89772a' -> (Import Result ID: '555601b85f482f26315c4e5ba138ef14') in 0.016 seconds [static and dynamic dependencies]. Details - ImportResultOutputID=904e7c627e36d74774c2329d3058fecc DependenciesID=7c46fc77d5c7380a840fc40691ea10a6 StaticDependenciesID=d61eb51c4b5ea2df3deadbfb0a44e334 
Number of updated asset objects reloaded before import = 0
Number of asset objects unloaded after import = 0
========================================================================
Received Import Request.
  Time of request: 2026-09-13T12:49:52.271805Z
  Time since last request: 0.0016033 seconds.
  importAddress: GUID: de4aea75bc204d14cb432cf1708548f1 - Path: Packages/com.unity.collab-proxy/Editor/UI/EditorDispatcher.cs - Importer: ScriptedImporter/UnityEditor.QuickSearchModule:UnityEditor.Search:ASIAI0B
Importing 'GUID: de4aea75bc204d14cb432cf1708548f1 - Path: Packages/com.unity.collab-proxy/Editor/UI/EditorDispatcher.cs - Importer: ScriptedImporter/UnityEditor.QuickSearchModule:UnityEditor.Search:ASIAI0B' with importer (ScriptedImporter : UnityEditor.QuickSearchModule:UnityEditor.Search:ASIAI0B)
Imported 'GUID: de4aea75bc204d14cb432cf1708548f1' -> (Import Result ID: '6fa78e8e2090ebbcac920367c5774a9a') in 0.019 seconds [static and dynamic dependencies]. Details - ImportResultOutputID=983bb7827426e56d001ca6dea769deac DependenciesID=c1cc3f4b5a17771505c9ca6766513038 StaticDependenciesID=949879dc571d2f8efe3467bed1c28791 
Number of updated asset objects reloaded before import = 0
Number of asset objects unloaded after import = 0
========================================================================
Received Import Request.
  Time of request: 2026-09-13T12:49:52.2927845Z
  Time since last request: 0.0009327 seconds.
  importAddress: GUID: 90a94ffd2947aab4d9da12dee0175a7a - Path: Packages/com.unity.collab-proxy/Editor/UI/UnityPlasticTimer.cs - Importer: ScriptedImporter/UnityEditor.QuickSearchModule:UnityEditor.Search:ASIAI0B
Importing 'GUID: 90a94ffd2947aab4d9da12dee0175a7a - Path: Packages/com.unity.collab-proxy/Editor/UI/UnityPlasticTimer.cs - Importer: ScriptedImporter/UnityEditor.QuickSearchModule:UnityEditor.Search:ASIAI0B' with importer (ScriptedImporter : UnityEditor.QuickSearchModule:UnityEditor.Search:ASIAI0B)
Imported 'GUID: 90a94ffd2947aab4d9da12dee0175a7a' -> (Import Result ID: '176355ffd40295e815014fe20906446a') in 0.018 seconds [static and dynamic dependencies]. Details - ImportResultOutputID=53bbfd82e6ade090af45079a29024a60 DependenciesID=22359cdb18ef76069d59c8aedee02dec StaticDependenciesID=54d824f0460c9bbacbced22731b07f29 
Number of updated asset objects reloaded before import = 0
Number of asset objects unloaded after import = 0
========================================================================
Received Import Request.
  Time of request: 2026-09-13T12:49:52.3130421Z
  Time since last request: 0.0016522 seconds.
  importAddress: GUID: ba319c71501487041bda92a854e8435e - Path: Packages/com.unity.collab-proxy/Editor/UI/ResponseType.cs - Importer: ScriptedImporter/UnityEditor.QuickSearchModule:UnityEditor.Search:ASIAI0B
Importing 'GUID: ba319c71501487041bda92a854e8435e - Path: Packages/com.unity.collab-proxy/Editor/UI/ResponseType.cs - Importer: ScriptedImporter/UnityEditor.QuickSearchModule:UnityEditor.Search:ASIAI0B' with importer (ScriptedImporter : UnityEditor.QuickSearchModule:UnityEditor.Search:ASIAI0B)
Imported 'GUID: ba319c71501487041bda92a854e8435e' -> (Import Result ID: 'cf32c457353dbb957523e1be669ee945') in 0.011 seconds [static and dynamic dependencies]. Details - ImportResultOutputID=242c5c3e2214a3bcee2caca20a94b6f5 DependenciesID=a1519e3b18deda861fb74a8e38b97894 StaticDependenciesID=9fb667ef82715262f90cfbb37fc861a6 
Number of updated asset objects reloaded before import = 0
Number of asset objects unloaded after import = 0
========================================================================
Received Import Request.
  Time of request: 2026-09-13T12:49:52.3257635Z
  Time since last request: 0.0012669 seconds.
  importAddress: GUID: 245d2c4b912b39a4784287979ea8cfd9 - Path: Packages/com.unity.collab-proxy/Editor/UI/EditorProgressBar.cs - Importer: ScriptedImporter/UnityEditor.QuickSearchModule:UnityEditor.Search:ASIAI0B
Importing 'GUID: 245d2c4b912b39a4784287979ea8cfd9 - Path: Packages/com.unity.collab-proxy/Editor/UI/EditorProgressBar.cs - Importer: ScriptedImporter/UnityEditor.QuickSearchModule:UnityEditor.Search:ASIAI0B' with importer (ScriptedImporter : UnityEditor.QuickSearchModule:UnityEditor.Search:ASIAI0B)
Imported 'GUID: 245d2c4b912b39a4784287979ea8cfd9' -> (Import Result ID: '8d23c8da933dbc08b06bf3265ce6fc04') in 0.013 seconds [static and dynamic dependencies]. Details - ImportResultOutputID=d937ee97fda9d2a9cac0b5cd7c7da854 DependenciesID=ddea1480f346fb6e677966bb4481c0fc StaticDependenciesID=18778bbec05a9bd7f0c9b10f2ec2d799 
Number of updated asset objects reloaded before import = 0
Number of asset objects unloaded after import = 0
========================================================================
Received Import Request.
  Time of request: 2026-09-13T12:49:52.3411Z
  Time since last request: 0.0015171 seconds.
  importAddress: GUID: 08dbb8d51633f2f4bab9912fbce3e247 - Path: Packages/com.unity.collab-proxy/Editor/Views/DownloadPlasticExeDialog.cs - Importer: ScriptedImporter/UnityEditor.QuickSearchModule:UnityEditor.Search:ASIAI0B
Importing 'GUID: 08dbb8d51633f2f4bab9912fbce3e247 - Path: Packages/com.unity.collab-proxy/Editor/Views/DownloadPlasticExeDialog.cs - Importer: ScriptedImporter/UnityEditor.QuickSearchModule:UnityEditor.Search:ASIAI0B' with importer (ScriptedImporter : UnityEditor.QuickSearchModule:UnityEditor.Search:ASIAI0B)
Imported 'GUID: 08dbb8d51633f2f4bab9912fbce3e247' -> (Import Result ID: '81690ec1588e75bb6ee45f724af53de1') in 0.019 seconds [static and dynamic dependencies]. Details - ImportResultOutputID=0873772358c0d633ec4bc6ffd583fec1 DependenciesID=6cc086ecd1dee4dfb98ee0c55fecb8ba StaticDependenciesID=2f79a8ea13b68e040711f7d8359cabbe 
Number of updated asset objects reloaded before import = 0
Number of asset objects unloaded after import = 0
========================================================================
Received Import Request.
  Time of request: 2026-09-13T12:49:52.3621937Z
  Time since last request: 0.0016704 seconds.
  importAddress: GUID: 04d3d047cf80496fa3fb23c00962ad18 - Path: Packages/com.unity.collab-proxy/Editor/UI/Fonts.cs - Importer: ScriptedImporter/UnityEditor.QuickSearchModule:UnityEditor.Search:ASIAI0B
Importing 'GUID: 04d3d047cf80496fa3fb23c00962ad18 - Path: Packages/com.unity.collab-proxy/Editor/UI/Fonts.cs - Importer: ScriptedImporter/UnityEditor.QuickSearchModule:UnityEditor.Search:ASIAI0B' with importer (ScriptedImporter : UnityEditor.QuickSearchModule:UnityEditor.Search:ASIAI0B)
Imported 'GUID: 04d3d047cf80496fa3fb23c00962ad18' -> (Import Result ID: 'f6c4262c11bf8dc3bfd86f35322a512a') in 0.011 seconds [static and dynamic dependencies]. Details - ImportResultOutputID=24af0a170609c0720d4849f57ad03598 DependenciesID=d2d436a3cea301dd7c98a04650e83cfe StaticDependenciesID=04bfbde06ecf32679c5ae6a3695b9b8b 
Number of updated asset objects reloaded before import = 0
Number of asset objects unloaded after import = 0
========================================================================
Received Import Request.
  Time of request: 2026-09-13T12:49:52.3758624Z
  Time since last request: 0.0013181 seconds.
  importAddress: GUID: 65c9d93f86da86b41a712d92e8f03dc2 - Path: Packages/com.unity.collab-proxy/Editor/UI/GetPlasticShortcut.cs - Importer: ScriptedImporter/UnityEditor.QuickSearchModule:UnityEditor.Search:ASIAI0B
Importing 'GUID: 65c9d93f86da86b41a712d92e8f03dc2 - Path: Packages/com.unity.collab-proxy/Editor/UI/GetPlasticShortcut.cs - Importer: ScriptedImporter/UnityEditor.QuickSearchModule:UnityEditor.Search:ASIAI0B' with importer (ScriptedImporter : UnityEditor.QuickSearchModule:UnityEditor.Search:ASIAI0B)
Imported 'GUID: 65c9d93f86da86b41a712d92e8f03dc2' -> (Import Result ID: '8e8d0cd85aee9403f07fef758c1a97ae') in 0.018 seconds [static and dynamic dependencies]. Details - ImportResultOutputID=8de77be96d4d1ecea20f3ffbd84bbb50 DependenciesID=7c6bb2d2f7a4d460e82c1355aef9fc1e StaticDependenciesID=fec61709a943c9ea7707ab30058d8c88 
Number of updated asset objects reloaded before import = 0
Number of asset objects unloaded after import = 0
========================================================================
Received Import Request.
  Time of request: 2026-09-13T12:49:52.3986186Z
  Time since last request: 0.0025824 seconds.
  importAddress: GUID: 1ea55c972a804304b2c7212f93c6bc4e - Path: Packages/com.unity.collab-proxy/Editor/UI/OverlayProgress.cs - Importer: ScriptedImporter/UnityEditor.QuickSearchModule:UnityEditor.Search:ASIAI0B
Importing 'GUID: 1ea55c972a804304b2c7212f93c6bc4e - Path: Packages/com.unity.collab-proxy/Editor/UI/OverlayProgress.cs - Importer: ScriptedImporter/UnityEditor.QuickSearchModule:UnityEditor.Search:ASIAI0B' with importer (ScriptedImporter : UnityEditor.QuickSearchModule:UnityEditor.Search:ASIAI0B)
Imported 'GUID: 1ea55c972a804304b2c7212f93c6bc4e' -> (Import Result ID: 'b23de974fc72156ce53e5d1974d89dbd') in 0.020 seconds [static and dynamic dependencies]. Details - ImportResultOutputID=f710a65005bfc12f2bc34b1bbf828f14 DependenciesID=cf8adb63e8d39f36b8d066a84d43110e StaticDependenciesID=c3c5595947e122b3df15f999af3dab3a 
Number of updated asset objects reloaded before import = 0
Number of asset objects unloaded after import = 0
========================================================================
Received Import Request.
  Time of request: 2026-09-13T12:49:52.4204169Z
  Time since last request: 0.0011712 seconds.
  importAddress: GUID: 363c1190d7979084c84a0421cedb3a51 - Path: Packages/com.unity.collab-proxy/Editor/WebApi/CurrentUserAdminCheckResponse.cs - Importer: ScriptedImporter/UnityEditor.QuickSearchModule:UnityEditor.Search:ASIAI0B
Importing 'GUID: 363c1190d7979084c84a0421cedb3a51 - Path: Packages/com.unity.collab-proxy/Editor/WebApi/CurrentUserAdminCheckResponse.cs - Importer: ScriptedImporter/UnityEditor.QuickSearchModule:UnityEditor.Search:ASIAI0B' with importer (ScriptedImporter : UnityEditor.QuickSearchModule:UnityEditor.Search:ASIAI0B)
Imported 'GUID: 363c1190d7979084c84a0421cedb3a51' -> (Import Result ID: '0cea0a22eacdbebc3a0f8ba38773bf5e') in 0.021 seconds [static and dynamic dependencies]. Details - ImportResultOutputID=c0548d13295be61a705bfc30e7a52dac DependenciesID=62b5cfdbf8a0d38a47547c125aa817e0 StaticDependenciesID=c115f6fbff8d0bc5a0ccada4c1a0740f 
Number of updated asset objects reloaded before import = 0
Number of asset objects unloaded after import = 0
========================================================================
Received Import Request.
  Time of request: 2026-09-13T12:49:52.4454339Z
  Time since last request: 0.0031098 seconds.
  importAddress: GUID: 5eeef8c7e006fbe49ab66c960691f11e - Path: Packages/com.unity.collab-proxy/Editor/UI/MeasureMaxWidth.cs - Importer: ScriptedImporter/UnityEditor.QuickSearchModule:UnityEditor.Search:ASIAI0B
Importing 'GUID: 5eeef8c7e006fbe49ab66c960691f11e - Path: Packages/com.unity.collab-proxy/Editor/UI/MeasureMaxWidth.cs - Importer: ScriptedImporter/UnityEditor.QuickSearchModule:UnityEditor.Search:ASIAI0B' with importer (ScriptedImporter : UnityEditor.QuickSearchModule:UnityEditor.Search:ASIAI0B)
Imported 'GUID: 5eeef8c7e006fbe49ab66c960691f11e' -> (Import Result ID: 'e8ab450da363d1600601884854773aac') in 0.027 seconds [static and dynamic dependencies]. Details - ImportResultOutputID=d167836d42b91a28ed1eb3063101c6cf DependenciesID=425083e02759768dbb8e365123de7835 StaticDependenciesID=23af478db3287d06127193c409b3d0c4 
Number of updated asset objects reloaded before import = 0
Number of asset objects unloaded after import = 0
========================================================================
Received Import Request.
  Time of request: 2026-09-13T12:49:52.4750224Z
  Time since last request: 0.0016129 seconds.
  importAddress: GUID: e09919744ef75bc4eaa3181b195375bd - Path: Packages/com.unity.collab-proxy/Editor/UnityInternals/UVCSToolbarBoostrap.cs - Importer: ScriptedImporter/UnityEditor.QuickSearchModule:UnityEditor.Search:ASIAI0B
Importing 'GUID: e09919744ef75bc4eaa3181b195375bd - Path: Packages/com.unity.collab-proxy/Editor/UnityInternals/UVCSToolbarBoostrap.cs - Importer: ScriptedImporter/UnityEditor.QuickSearchModule:UnityEditor.Search:ASIAI0B' with importer (ScriptedImporter : UnityEditor.QuickSearchModule:UnityEditor.Search:ASIAI0B)
Imported 'GUID: e09919744ef75bc4eaa3181b195375bd' -> (Import Result ID: 'c4ddc3d9206501199bb3875735784073') in 0.015 seconds [static and dynamic dependencies]. Details - ImportResultOutputID=5296f0f5bc4a95fcab274a33c0878614 DependenciesID=b316378cb0983a9978389596ad8ac409 StaticDependenciesID=d81d6f4b97379dd3250182df0cd8e1cb 
Number of updated asset objects reloaded before import = 0
Number of asset objects unloaded after import = 0
========================================================================
Received Import Request.
  Time of request: 2026-09-13T12:49:52.5021479Z
  Time since last request: 0.0109706 seconds.
  importAddress: GUID: 3a4d828da4d125740924da08b5fbe1cb - Path: Packages/com.unity.collab-proxy/Editor/UI/GuiEnabled.cs - Importer: ScriptedImporter/UnityEditor.QuickSearchModule:UnityEditor.Search:ASIAI0B
Importing 'GUID: 3a4d828da4d125740924da08b5fbe1cb - Path: Packages/com.unity.collab-proxy/Editor/UI/GuiEnabled.cs - Importer: ScriptedImporter/UnityEditor.QuickSearchModule:UnityEditor.Search:ASIAI0B' with importer (ScriptedImporter : UnityEditor.QuickSearchModule:UnityEditor.Search:ASIAI0B)
Imported 'GUID: 3a4d828da4d125740924da08b5fbe1cb' -> (Import Result ID: '5150d83f2e1e6ed828844cc0b1454f78') in 0.017 seconds [static and dynamic dependencies]. Details - ImportResultOutputID=b33bd67377f32c36e171cd51a7abff91 DependenciesID=c14a581eb05f8b03a1c4a749fbe78639 StaticDependenciesID=adb6f4187474a013df2c903332fc5c96 
Number of updated asset objects reloaded before import = 0
Number of asset objects unloaded after import = 0
========================================================================
Received Import Request.
  Time of request: 2026-09-13T12:49:52.5215941Z
  Time since last request: 0.0010584 seconds.
  importAddress: GUID: b3b18600c13f447a90bf04fc2a6dc2d5 - Path: Packages/com.unity.collab-proxy/Editor/UI/SplitterSettings.cs - Importer: ScriptedImporter/UnityEditor.QuickSearchModule:UnityEditor.Search:ASIAI0B
Importing 'GUID: b3b18600c13f447a90bf04fc2a6dc2d5 - Path: Packages/com.unity.collab-proxy/Editor/UI/SplitterSettings.cs - Importer: ScriptedImporter/UnityEditor.QuickSearchModule:UnityEditor.Search:ASIAI0B' with importer (ScriptedImporter : UnityEditor.QuickSearchModule:UnityEditor.Search:ASIAI0B)
Imported 'GUID: b3b18600c13f447a90bf04fc2a6dc2d5' -> (Import Result ID: '7e7009c431774bdf4d80b4b7c9689c8b') in 0.023 seconds [static and dynamic dependencies]. Details - ImportResultOutputID=fb5f508c0fa4b016addafe1cd13d2f47 DependenciesID=f7126e52e2d60bb39b78df65b73753a9 StaticDependenciesID=1f65ca79faf9e27c97e2a6629f982196 
Number of updated asset objects reloaded before import = 0
Number of asset objects unloaded after import = 0
========================================================================
Received Import Request.
  Time of request: 2026-09-13T12:49:52.5486914Z
  Time since last request: 0.003551 seconds.
  importAddress: GUID: e269ac752b6af4e40bc8fbf471ece79b - Path: Packages/com.unity.collab-proxy/Editor/UI/InputTextDialog.cs - Importer: ScriptedImporter/UnityEditor.QuickSearchModule:UnityEditor.Search:ASIAI0B
Importing 'GUID: e269ac752b6af4e40bc8fbf471ece79b - Path: Packages/com.unity.collab-proxy/Editor/UI/InputTextDialog.cs - Importer: ScriptedImporter/UnityEditor.QuickSearchModule:UnityEditor.Search:ASIAI0B' with importer (ScriptedImporter : UnityEditor.QuickSearchModule:UnityEditor.Search:ASIAI0B)
Imported 'GUID: e269ac752b6af4e40bc8fbf471ece79b' -> (Import Result ID: 'f29e15de426292c9344a3b808726b128') in 0.017 seconds [static and dynamic dependencies]. Details - ImportResultOutputID=5d1897d704598ed4b7a3b77b5299a835 DependenciesID=addcca7cfb0598c0e672b172c7b5381b StaticDependenciesID=e1f820fff6a1ee2bc54a9fc20541887d 
Number of updated asset objects reloaded before import = 0
Number of asset objects unloaded after import = 0
========================================================================
Received Import Request.
  Time of request: 2026-09-13T12:49:52.5684067Z
  Time since last request: 0.0014407 seconds.
  importAddress: GUID: f5eff45d4f0cc5e478e6724c378098eb - Path: Packages/com.unity.collab-proxy/Editor/Views/FileSystemOperation.cs - Importer: ScriptedImporter/UnityEditor.QuickSearchModule:UnityEditor.Search:ASIAI0B
Importing 'GUID: f5eff45d4f0cc5e478e6724c378098eb - Path: Packages/com.unity.collab-proxy/Editor/Views/FileSystemOperation.cs - Importer: ScriptedImporter/UnityEditor.QuickSearchModule:UnityEditor.Search:ASIAI0B' with importer (ScriptedImporter : UnityEditor.QuickSearchModule:UnityEditor.Search:ASIAI0B)
Imported 'GUID: f5eff45d4f0cc5e478e6724c378098eb' -> (Import Result ID: 'a7aecf8ea686708ad4de543afddcbd99') in 0.016 seconds [static and dynamic dependencies]. Details - ImportResultOutputID=7e38be3025a2472bb4a6d68d48dc3543 DependenciesID=5efef44f2f2388de1d7afcf83d5b384a StaticDependenciesID=514044c6e6e7b9270ab19840d683932c 
Number of updated asset objects reloaded before import = 0
Number of asset objects unloaded after import = 0
========================================================================
Received Import Request.
  Time of request: 2026-09-13T12:49:52.589955Z
  Time since last request: 0.0042419 seconds.
  importAddress: GUID: 3389e142c33d23546a31fc469443a2c3 - Path: Packages/com.unity.collab-proxy/Editor/Views/ConfirmContinueWithPendingChangesDialog.cs - Importer: ScriptedImporter/UnityEditor.QuickSearchModule:UnityEditor.Search:ASIAI0B
Importing 'GUID: 3389e142c33d23546a31fc469443a2c3 - Path: Packages/com.unity.collab-proxy/Editor/Views/ConfirmContinueWithPendingChangesDialog.cs - Importer: ScriptedImporter/UnityEditor.QuickSearchModule:UnityEditor.Search:ASIAI0B' with importer (ScriptedImporter : UnityEditor.QuickSearchModule:UnityEditor.Search:ASIAI0B)
Imported 'GUID: 3389e142c33d23546a31fc469443a2c3' -> (Import Result ID: 'b5b7ce0ae0c9b80944c578e94c5af993') in 0.015 seconds [static and dynamic dependencies]. Details - ImportResultOutputID=1b19b8e9b48c24595e6ef1894052493a DependenciesID=b5c2a91630d9f31cd40daab9b1398bc1 StaticDependenciesID=898dc924e753063c99c93c83201a4278 
Number of updated asset objects reloaded before import = 0
Number of asset objects unloaded after import = 0
========================================================================
Received Import Request.
  Time of request: 2026-09-13T12:49:52.6075464Z
  Time since last request: 0.0014879 seconds.
  importAddress: GUID: 0a3ad267026374439be70d4b4cd3d4f7 - Path: Packages/com.unity.collab-proxy/Editor/UI/UnityStyles.cs - Importer: ScriptedImporter/UnityEditor.QuickSearchModule:UnityEditor.Search:ASIAI0B
Importing 'GUID: 0a3ad267026374439be70d4b4cd3d4f7 - Path: Packages/com.unity.collab-proxy/Editor/UI/UnityStyles.cs - Importer: ScriptedImporter/UnityEditor.QuickSearchModule:UnityEditor.Search:ASIAI0B' with importer (ScriptedImporter : UnityEditor.QuickSearchModule:UnityEditor.Search:ASIAI0B)
Imported 'GUID: 0a3ad267026374439be70d4b4cd3d4f7' -> (Import Result ID: 'c3cc54d4de870ef6796dcd5a05ddc328') in 0.032 seconds [static and dynamic dependencies]. Details - ImportResultOutputID=6250becb435099dd2b1ef9506ceff4bd DependenciesID=e89eb91731de00a4d7b73f4ccadf5493 StaticDependenciesID=5314be9ca678f93b1b07eae1b721803e 
Number of updated asset objects reloaded before import = 0
Number of asset objects unloaded after import = 0
========================================================================
Received Import Request.
  Time of request: 2026-09-13T12:49:52.6420449Z
  Time since last request: 0.0013437 seconds.
  importAddress: GUID: 54390afd4066b724d9a802ff75bed13b - Path: Packages/com.unity.collab-proxy/Editor/UI/DrawTextBlockWithLink.cs - Importer: ScriptedImporter/UnityEditor.QuickSearchModule:UnityEditor.Search:ASIAI0B
Importing 'GUID: 54390afd4066b724d9a802ff75bed13b - Path: Packages/com.unity.collab-proxy/Editor/UI/DrawTextBlockWithLink.cs - Importer: ScriptedImporter/UnityEditor.QuickSearchModule:UnityEditor.Search:ASIAI0B' with importer (ScriptedImporter : UnityEditor.QuickSearchModule:UnityEditor.Search:ASIAI0B)
Imported 'GUID: 54390afd4066b724d9a802ff75bed13b' -> (Import Result ID: '740db7dff72b1cbe676ee855e696713e') in 0.015 seconds [static and dynamic dependencies]. Details - ImportResultOutputID=d5c851a3d23e5c6243a09b690a73ae5b DependenciesID=6f73b55a6beb3c13af20df6444343d71 StaticDependenciesID=0b1f55d7160e13217b11d260ebaf1a60 
Number of updated asset objects reloaded before import = 0
Number of asset objects unloaded after import = 0
========================================================================
Received Import Request.
  Time of request: 2026-09-13T12:49:52.6584864Z
  Time since last request: 0.0011855 seconds.
  importAddress: GUID: 2bd4f044bfa05a14ebd7f4e6dcd0fb74 - Path: Packages/com.unity.collab-proxy/Editor/UI/INotificationContent.cs - Importer: ScriptedImporter/UnityEditor.QuickSearchModule:UnityEditor.Search:ASIAI0B
Importing 'GUID: 2bd4f044bfa05a14ebd7f4e6dcd0fb74 - Path: Packages/com.unity.collab-proxy/Editor/UI/INotificationContent.cs - Importer: ScriptedImporter/UnityEditor.QuickSearchModule:UnityEditor.Search:ASIAI0B' with importer (ScriptedImporter : UnityEditor.QuickSearchModule:UnityEditor.Search:ASIAI0B)
Imported 'GUID: 2bd4f044bfa05a14ebd7f4e6dcd0fb74' -> (Import Result ID: '9bc9fe04afe7b38bce81d201f2eff425') in 0.017 seconds [static and dynamic dependencies]. Details - ImportResultOutputID=7de7d36331c18ee9acbf4e62ac2f399f DependenciesID=451305c3b7b6f54709e926d334731084 StaticDependenciesID=1e3c88f673663d5dcbb71d3ef7b47661 
Number of updated asset objects reloaded before import = 0
Number of asset objects unloaded after import = 0
========================================================================
Received Import Request.
  Time of request: 2026-09-13T12:49:52.6776632Z
  Time since last request: 0.0011935 seconds.
  importAddress: GUID: 97b51e80cfabfe341958267f3d6c2ed6 - Path: Packages/com.unity.collab-proxy/Editor/UI/EntryBuilder.cs - Importer: ScriptedImporter/UnityEditor.QuickSearchModule:UnityEditor.Search:ASIAI0B
Importing 'GUID: 97b51e80cfabfe341958267f3d6c2ed6 - Path: Packages/com.unity.collab-proxy/Editor/UI/EntryBuilder.cs - Importer: ScriptedImporter/UnityEditor.QuickSearchModule:UnityEditor.Search:ASIAI0B' with importer (ScriptedImporter : UnityEditor.QuickSearchModule:UnityEditor.Search:ASIAI0B)
Imported 'GUID: 97b51e80cfabfe341958267f3d6c2ed6' -> (Import Result ID: '839457a2df9f455e117f29aaf0e7b712') in 0.014 seconds [static and dynamic dependencies]. Details - ImportResultOutputID=3c29f40dfe386adca31adbcb747c28d6 DependenciesID=04f8f817af1340ca403331368d6eb8b2 StaticDependenciesID=551069ae0eb8c856c08cdef4d53be928 
Number of updated asset objects reloaded before import = 0
Number of asset objects unloaded after import = 0
========================================================================
Received Import Request.
  Time of request: 2026-09-13T12:49:52.6933543Z
  Time since last request: 0.0012497 seconds.
  importAddress: GUID: 70bf1fe1bcd44b64b43910da6487eab4 - Path: Packages/com.unity.collab-proxy/Editor/UI/DrawStaticElement.cs - Importer: ScriptedImporter/UnityEditor.QuickSearchModule:UnityEditor.Search:ASIAI0B
Importing 'GUID: 70bf1fe1bcd44b64b43910da6487eab4 - Path: Packages/com.unity.collab-proxy/Editor/UI/DrawStaticElement.cs - Importer: ScriptedImporter/UnityEditor.QuickSearchModule:UnityEditor.Search:ASIAI0B' with importer (ScriptedImporter : UnityEditor.QuickSearchModule:UnityEditor.Search:ASIAI0B)
Imported 'GUID: 70bf1fe1bcd44b64b43910da6487eab4' -> (Import Result ID: '4f0c716a2330a5566e8b033a7cb05f8b') in 0.024 seconds [static and dynamic dependencies]. Details - ImportResultOutputID=3fd891ad7ecbc9c91842388aab48c505 DependenciesID=bbde98ffd1fa004142d7fb4a380e9b86 StaticDependenciesID=70af18fc417bd5517b1ddd527b265f1a 
Number of updated asset objects reloaded before import = 0
Number of asset objects unloaded after import = 0
========================================================================
Received Import Request.
  Time of request: 2026-09-13T12:49:52.7193544Z
  Time since last request: 0.0012351 seconds.
  importAddress: GUID: 0e1e2d80d9c79b042ab42fdf0b5c0b65 - Path: Packages/com.unity.collab-proxy/Editor/UI/EditorVersion.cs - Importer: ScriptedImporter/UnityEditor.QuickSearchModule:UnityEditor.Search:ASIAI0B
Importing 'GUID: 0e1e2d80d9c79b042ab42fdf0b5c0b65 - Path: Packages/com.unity.collab-proxy/Editor/UI/EditorVersion.cs - Importer: ScriptedImporter/UnityEditor.QuickSearchModule:UnityEditor.Search:ASIAI0B' with importer (ScriptedImporter : UnityEditor.QuickSearchModule:UnityEditor.Search:ASIAI0B)
Imported 'GUID: 0e1e2d80d9c79b042ab42fdf0b5c0b65' -> (Import Result ID: '58c25e2442a2febf4184b591d98aa011') in 0.018 seconds [static and dynamic dependencies]. Details - ImportResultOutputID=df8c5d25c208ff34be22182f3ddbb677 DependenciesID=bef48ed369a6155542225edfdcf09688 StaticDependenciesID=d22c8b315772ac86ec420af67c9a8276 
Number of updated asset objects reloaded before import = 0
Number of asset objects unloaded after import = 0
========================================================================
Received Import Request.
  Time of request: 2026-09-13T12:49:52.7392445Z
  Time since last request: 0.0018136 seconds.
  importAddress: GUID: ac908610ab768459d9be962750408b43 - Path: Packages/com.unity.collab-proxy/Editor/UI/PlasticDialog.cs - Importer: ScriptedImporter/UnityEditor.QuickSearchModule:UnityEditor.Search:ASIAI0B
Importing 'GUID: ac908610ab768459d9be962750408b43 - Path: Packages/com.unity.collab-proxy/Editor/UI/PlasticDialog.cs - Importer: ScriptedImporter/UnityEditor.QuickSearchModule:UnityEditor.Search:ASIAI0B' with importer (ScriptedImporter : UnityEditor.QuickSearchModule:UnityEditor.Search:ASIAI0B)
Imported 'GUID: ac908610ab768459d9be962750408b43' -> (Import Result ID: '1c3f83a48c68e8965b3bb8e792c3fbbf') in 0.018 seconds [static and dynamic dependencies]. Details - ImportResultOutputID=56f219d36bca6bbcf66b9f852e8ee2ea DependenciesID=04069cbf6adec2ae49d19b5b10c48704 StaticDependenciesID=a109fe2e15be1457903f1d069e583c84 
Number of updated asset objects reloaded before import = 0
Number of asset objects unloaded after import = 0
========================================================================
Received Import Request.
  Time of request: 2026-09-13T12:49:52.7594971Z
  Time since last request: 0.0013951 seconds.
  importAddress: GUID: 6483fd05e8bf42a47aee5e11dbf6db8a - Path: Packages/com.unity.collab-proxy/Editor/Views/LaunchDiffOperations.cs - Importer: ScriptedImporter/UnityEditor.QuickSearchModule:UnityEditor.Search:ASIAI0B
Importing 'GUID: 6483fd05e8bf42a47aee5e11dbf6db8a - Path: Packages/com.unity.collab-proxy/Editor/Views/LaunchDiffOperations.cs - Importer: ScriptedImporter/UnityEditor.QuickSearchModule:UnityEditor.Search:ASIAI0B' with importer (ScriptedImporter : UnityEditor.QuickSearchModule:UnityEditor.Search:ASIAI0B)
Imported 'GUID: 6483fd05e8bf42a47aee5e11dbf6db8a' -> (Import Result ID: '088b8fc8e00fb6f3743014bc0b3e68a5') in 0.014 seconds [static and dynamic dependencies]. Details - ImportResultOutputID=415bdea8cc273865206900df2c880e51 DependenciesID=d8dfb3c96c0c777ef128a652771a3161 StaticDependenciesID=08057c53654b0a763a1054d6dca5ed15 
Number of updated asset objects reloaded before import = 0
Number of asset objects unloaded after import = 0
========================================================================
Received Import Request.
  Time of request: 2026-09-13T12:49:52.7758645Z
  Time since last request: 0.0012001 seconds.
  importAddress: GUID: 17b36165d09634a48bf5a0e4bb27f4bd - Path: Packages/com.unity.collab-proxy/Editor/UnityInternals/Unity.CollabProxy.Editor.asmdef - Importer: ScriptedImporter/UnityEditor.QuickSearchModule:UnityEditor.Search:ASIAI0B
Importing 'GUID: 17b36165d09634a48bf5a0e4bb27f4bd - Path: Packages/com.unity.collab-proxy/Editor/UnityInternals/Unity.CollabProxy.Editor.asmdef - Importer: ScriptedImporter/UnityEditor.QuickSearchModule:UnityEditor.Search:ASIAI0B' with importer (ScriptedImporter : UnityEditor.QuickSearchModule:UnityEditor.Search:ASIAI0B)
Imported 'GUID: 17b36165d09634a48bf5a0e4bb27f4bd' -> (Import Result ID: '761035562306be3157e5738cac03d8a1') in 0.022 seconds [static and dynamic dependencies]. Details - ImportResultOutputID=df53e0d37d64c7c4803321389c36922c DependenciesID=9bce9d167fc394e7a2f64c4952c34763 StaticDependenciesID=ceb6e6278080590f36fddb76dd4ca02b 
Number of updated asset objects reloaded before import = 0
Number of asset objects unloaded after import = 1
========================================================================
Received Import Request.
  Time of request: 2026-09-13T12:49:52.8011087Z
  Time since last request: 0.0021798 seconds.
  importAddress: GUID: 923089d9a5486b545bfc5f70e781d4e1 - Path: Packages/com.unity.collab-proxy/Editor/UI/SortOrderComparer.cs - Importer: ScriptedImporter/UnityEditor.QuickSearchModule:UnityEditor.Search:ASIAI0B
Importing 'GUID: 923089d9a5486b545bfc5f70e781d4e1 - Path: Packages/com.unity.collab-proxy/Editor/UI/SortOrderComparer.cs - Importer: ScriptedImporter/UnityEditor.QuickSearchModule:UnityEditor.Search:ASIAI0B' with importer (ScriptedImporter : UnityEditor.QuickSearchModule:UnityEditor.Search:ASIAI0B)
Imported 'GUID: 923089d9a5486b545bfc5f70e781d4e1' -> (Import Result ID: 'dc35ea17a55c3e5ed5c9887dbc14316d') in 0.015 seconds [static and dynamic dependencies]. Details - ImportResultOutputID=ec16b4ca833a61b860b78d146db2c1e0 DependenciesID=68af753b6f28e2bda9006f39850348fd StaticDependenciesID=4787ab509d06477cbdaa36b5ffbc21b6 
Number of updated asset objects reloaded before import = 0
Number of asset objects unloaded after import = 0
========================================================================
Received Import Request.
  Time of request: 2026-09-13T12:49:52.8186968Z
  Time since last request: 0.0018953 seconds.
  importAddress: GUID: 3a4d62c64067bca4cbbd6f7fcad2e190 - Path: Packages/com.unity.collab-proxy/Editor/Views/DateFilter.cs - Importer: ScriptedImporter/UnityEditor.QuickSearchModule:UnityEditor.Search:ASIAI0B
Importing 'GUID: 3a4d62c64067bca4cbbd6f7fcad2e190 - Path: Packages/com.unity.collab-proxy/Editor/Views/DateFilter.cs - Importer: ScriptedImporter/UnityEditor.QuickSearchModule:UnityEditor.Search:ASIAI0B' with importer (ScriptedImporter : UnityEditor.QuickSearchModule:UnityEditor.Search:ASIAI0B)
Imported 'GUID: 3a4d62c64067bca4cbbd6f7fcad2e190' -> (Import Result ID: '55b4a341cd4972a529ba8287b1859cfe') in 0.018 seconds [static and dynamic dependencies]. Details - ImportResultOutputID=b3b8de8f0bc70473b46f2798c53774da DependenciesID=2a9e290d5c0b02127840d90b492b42bd StaticDependenciesID=5d6d7026f4e7f7bea01f71e8fe843f40 
Number of updated asset objects reloaded before import = 0
Number of asset objects unloaded after import = 0
========================================================================
Received Import Request.
  Time of request: 2026-09-13T12:49:52.8388399Z
  Time since last request: 0.0010999 seconds.
  importAddress: GUID: ee61022c90cce0b49bb0e459b11ec2ee - Path: Packages/com.unity.collab-proxy/Editor/UI/UnityPlasticGuiMessage.cs - Importer: ScriptedImporter/UnityEditor.QuickSearchModule:UnityEditor.Search:ASIAI0B
Importing 'GUID: ee61022c90cce0b49bb0e459b11ec2ee - Path: Packages/com.unity.collab-proxy/Editor/UI/UnityPlasticGuiMessage.cs - Importer: ScriptedImporter/UnityEditor.QuickSearchModule:UnityEditor.Search:ASIAI0B' with importer (ScriptedImporter : UnityEditor.QuickSearchModule:UnityEditor.Search:ASIAI0B)
Imported 'GUID: ee61022c90cce0b49bb0e459b11ec2ee' -> (Import Result ID: '3d5e59abdcf2914ee3487ce928876f7f') in 0.022 seconds [static and dynamic dependencies]. Details - ImportResultOutputID=6eb07267913004a62fa9fde9bbdd47a1 DependenciesID=950cc72c50fabc40a9228d127fe84e2c StaticDependenciesID=1aa47ff57cacb4e75edf00a0d1a4c844 
Number of updated asset objects reloaded before import = 0
Number of asset objects unloaded after import = 0
========================================================================
Received Import Request.
  Time of request: 2026-09-13T12:49:52.8660572Z
  Time since last request: 0.0046592 seconds.
  importAddress: GUID: 3320b7341e4731842a6fd50ae97c96f5 - Path: Packages/com.unity.collab-proxy/Editor/UI/GetWindowIfOpened.cs - Importer: ScriptedImporter/UnityEditor.QuickSearchModule:UnityEditor.Search:ASIAI0B
Importing 'GUID: 3320b7341e4731842a6fd50ae97c96f5 - Path: Packages/com.unity.collab-proxy/Editor/UI/GetWindowIfOpened.cs - Importer: ScriptedImporter/UnityEditor.QuickSearchModule:UnityEditor.Search:ASIAI0B' with importer (ScriptedImporter : UnityEditor.QuickSearchModule:UnityEditor.Search:ASIAI0B)
Imported 'GUID: 3320b7341e4731842a6fd50ae97c96f5' -> (Import Result ID: '38600d19c705c560c40a351c76c136e1') in 0.025 seconds [static and dynamic dependencies]. Details - ImportResultOutputID=8111755207040eb1ab3c76c29c80aab3 DependenciesID=22af2154131dc898f76f81e3306eab32 StaticDependenciesID=d0b81a721ed9cc629ccf69a79d25aa5f 
Number of updated asset objects reloaded before import = 0
Number of asset objects unloaded after import = 0
========================================================================
Received Import Request.
  Time of request: 2026-09-13T12:49:52.8927385Z
  Time since last request: 0.0010269 seconds.
  importAddress: GUID: 701a688f3cb0245579bf46b63d0b7134 - Path: Packages/com.unity.collab-proxy/Editor/UI/RunModal.cs - Importer: ScriptedImporter/UnityEditor.QuickSearchModule:UnityEditor.Search:ASIAI0B
Importing 'GUID: 701a688f3cb0245579bf46b63d0b7134 - Path: Packages/com.unity.collab-proxy/Editor/UI/RunModal.cs - Importer: ScriptedImporter/UnityEditor.QuickSearchModule:UnityEditor.Search:ASIAI0B' with importer (ScriptedImporter : UnityEditor.QuickSearchModule:UnityEditor.Search:ASIAI0B)
Imported 'GUID: 701a688f3cb0245579bf46b63d0b7134' -> (Import Result ID: 'b2bdc88208b46a3a6b5e6db5e5bbd79b') in 0.017 seconds [static and dynamic dependencies]. Details - ImportResultOutputID=63672b0ae0aa5bc29dcb106ffbfad286 DependenciesID=d1958b6acbed915d2486103fe20cc9b1 StaticDependenciesID=3fa22d6d469f3a8865613303207e9e81 
Number of updated asset objects reloaded before import = 0
Number of asset objects unloaded after import = 0
========================================================================
Received Import Request.
  Time of request: 2026-09-13T12:49:52.9132147Z
  Time since last request: 0.0027287 seconds.
  importAddress: GUID: ad0c4895dbf7aeb459c1d136884a7998 - Path: Packages/com.unity.collab-proxy/Editor/UI/UnityMenuItem.cs - Importer: ScriptedImporter/UnityEditor.QuickSearchModule:UnityEditor.Search:ASIAI0B
Importing 'GUID: ad0c4895dbf7aeb459c1d136884a7998 - Path: Packages/com.unity.collab-proxy/Editor/UI/UnityMenuItem.cs - Importer: ScriptedImporter/UnityEditor.QuickSearchModule:UnityEditor.Search:ASIAI0B' with importer (ScriptedImporter : UnityEditor.QuickSearchModule:UnityEditor.Search:ASIAI0B)
Imported 'GUID: ad0c4895dbf7aeb459c1d136884a7998' -> (Import Result ID: 'a5ed3ef92b8be79e9c49ebacc2898fc6') in 0.017 seconds [static and dynamic dependencies]. Details - ImportResultOutputID=ba17f6245b75a5594784c8d854c23d64 DependenciesID=2bba9d46317a5c88161fc942c8e59a1a StaticDependenciesID=e9378edf15e7440bc323d5f8f2389378 
Number of updated asset objects reloaded before import = 0
Number of asset objects unloaded after import = 0
========================================================================
Received Import Request.
  Time of request: 2026-09-13T12:49:52.9326676Z
  Time since last request: 0.0014515 seconds.
  importAddress: GUID: 278463514ca704271b228ad4ddc32e6b - Path: Packages/com.unity.collab-proxy/Editor/UI/ThreadWaiterRegistry.cs - Importer: ScriptedImporter/UnityEditor.QuickSearchModule:UnityEditor.Search:ASIAI0B
Importing 'GUID: 278463514ca704271b228ad4ddc32e6b - Path: Packages/com.unity.collab-proxy/Editor/UI/ThreadWaiterRegistry.cs - Importer: ScriptedImporter/UnityEditor.QuickSearchModule:UnityEditor.Search:ASIAI0B' with importer (ScriptedImporter : UnityEditor.QuickSearchModule:UnityEditor.Search:ASIAI0B)
Imported 'GUID: 278463514ca704271b228ad4ddc32e6b' -> (Import Result ID: '63aac8a46749ac4b52c8f97869fd5d75') in 0.024 seconds [static and dynamic dependencies]. Details - ImportResultOutputID=ca9c45f612bff3f0fdcda729dafa9c93 DependenciesID=846c089a7055618836d2e6e7ef4ecebe StaticDependenciesID=82b985b3b899e9737f3a7550118f187e 
Number of updated asset objects reloaded before import = 0
Number of asset objects unloaded after import = 0
========================================================================
Received Import Request.
  Time of request: 2026-09-13T12:49:52.9591788Z
  Time since last request: 0.0009285 seconds.
  importAddress: GUID: 421fea03dd9d4ac089ca279ee87c573b - Path: Packages/com.unity.collab-proxy/Editor/Views/EnableSwitchAndShelveFeatureDialog.cs - Importer: ScriptedImporter/UnityEditor.QuickSearchModule:UnityEditor.Search:ASIAI0B
Importing 'GUID: 421fea03dd9d4ac089ca279ee87c573b - Path: Packages/com.unity.collab-proxy/Editor/Views/EnableSwitchAndShelveFeatureDialog.cs - Importer: ScriptedImporter/UnityEditor.QuickSearchModule:UnityEditor.Search:ASIAI0B' with importer (ScriptedImporter : UnityEditor.QuickSearchModule:UnityEditor.Search:ASIAI0B)
Imported 'GUID: 421fea03dd9d4ac089ca279ee87c573b' -> (Import Result ID: 'bb6689edf150d95fed1b3908236205ef') in 0.017 seconds [static and dynamic dependencies]. Details - ImportResultOutputID=88298a62886986c916bee7b418508bed DependenciesID=47a7536fc6c1c58917b1938853a9d00a StaticDependenciesID=79aa427fdeb9264dbab65d58af396aed 
Number of updated asset objects reloaded before import = 0
Number of asset objects unloaded after import = 0
========================================================================
Received Import Request.
  Time of request: 2026-09-13T12:49:52.9782312Z
  Time since last request: 0.0015464 seconds.
  importAddress: GUID: 0f5401cd5ff8fc4409bf9540072b14bc - Path: Packages/com.unity.collab-proxy/Editor/UI/FindEditorWindow.cs - Importer: ScriptedImporter/UnityEditor.QuickSearchModule:UnityEditor.Search:ASIAI0B
Importing 'GUID: 0f5401cd5ff8fc4409bf9540072b14bc - Path: Packages/com.unity.collab-proxy/Editor/UI/FindEditorWindow.cs - Importer: ScriptedImporter/UnityEditor.QuickSearchModule:UnityEditor.Search:ASIAI0B' with importer (ScriptedImporter : UnityEditor.QuickSearchModule:UnityEditor.Search:ASIAI0B)
Imported 'GUID: 0f5401cd5ff8fc4409bf9540072b14bc' -> (Import Result ID: '5869ac9689fd2b5d2737a808654d6325') in 0.020 seconds [static and dynamic dependencies]. Details - ImportResultOutputID=0a052b98c3caed0baa59c8f616705269 DependenciesID=6d591c1ce994ea8806017bb487e126ac StaticDependenciesID=6c0bf0b3f0e2ad8687bfb2aa74179faf 
Number of updated asset objects reloaded before import = 0
Number of asset objects unloaded after import = 0
========================================================================
Received Import Request.
  Time of request: 2026-09-13T12:49:53.000435Z
  Time since last request: 0.0017389 seconds.
  importAddress: GUID: 6dbc54b503a79034d9c544e39451fd10 - Path: Packages/com.unity.collab-proxy/Editor/UI/GUIActionRunner.cs - Importer: ScriptedImporter/UnityEditor.QuickSearchModule:UnityEditor.Search:ASIAI0B
Importing 'GUID: 6dbc54b503a79034d9c544e39451fd10 - Path: Packages/com.unity.collab-proxy/Editor/UI/GUIActionRunner.cs - Importer: ScriptedImporter/UnityEditor.QuickSearchModule:UnityEditor.Search:ASIAI0B' with importer (ScriptedImporter : UnityEditor.QuickSearchModule:UnityEditor.Search:ASIAI0B)
Imported 'GUID: 6dbc54b503a79034d9c544e39451fd10' -> (Import Result ID: '1a1161cb96c2a66d14fcfd3dafe3636c') in 0.014 seconds [static and dynamic dependencies]. Details - ImportResultOutputID=40fbb37955ed3adf3a8810a492b03896 DependenciesID=9aaef35d4ce0f1ed61135215f8159583 StaticDependenciesID=61f65e48bb03503811384d623fcdf0d1 
Number of updated asset objects reloaded before import = 0
Number of asset objects unloaded after import = 0
========================================================================
Received Import Request.
  Time of request: 2026-09-13T12:49:53.0206917Z
  Time since last request: 0.0050905 seconds.
  importAddress: GUID: 8a6ec1abdba94827a2f174dae33832d2 - Path: Packages/com.unity.collab-proxy/Editor/Views/ShelvePendingChangesDialog.cs - Importer: ScriptedImporter/UnityEditor.QuickSearchModule:UnityEditor.Search:ASIAI0B
Importing 'GUID: 8a6ec1abdba94827a2f174dae33832d2 - Path: Packages/com.unity.collab-proxy/Editor/Views/ShelvePendingChangesDialog.cs - Importer: ScriptedImporter/UnityEditor.QuickSearchModule:UnityEditor.Search:ASIAI0B' with importer (ScriptedImporter : UnityEditor.QuickSearchModule:UnityEditor.Search:ASIAI0B)
Imported 'GUID: 8a6ec1abdba94827a2f174dae33832d2' -> (Import Result ID: 'b10ebd1f6f72c5a89a3d9c922bfa7461') in 0.047 seconds [static and dynamic dependencies]. Details - ImportResultOutputID=a4d5919bfdb0fdeab71f182c89f1b4e2 DependenciesID=0f39f5dab3f99fdd043a9f20c322150e StaticDependenciesID=c872a19d096b6afdeaf938ffe8b96c61 
Number of updated asset objects reloaded before import = 0
Number of asset objects unloaded after import = 0
========================================================================
Received Import Request.
  Time of request: 2026-09-13T12:49:53.0698368Z
  Time since last request: 0.0011798 seconds.
  importAddress: GUID: 217d1c918b0005940b43c6099bbad952 - Path: Packages/com.unity.collab-proxy/Editor/UnityInternals/UVCSToolbarBoostrap_Legacy.cs - Importer: ScriptedImporter/UnityEditor.QuickSearchModule:UnityEditor.Search:ASIAI0B
Importing 'GUID: 217d1c918b0005940b43c6099bbad952 - Path: Packages/com.unity.collab-proxy/Editor/UnityInternals/UVCSToolbarBoostrap_Legacy.cs - Importer: ScriptedImporter/UnityEditor.QuickSearchModule:UnityEditor.Search:ASIAI0B' with importer (ScriptedImporter : UnityEditor.QuickSearchModule:UnityEditor.Search:ASIAI0B)
Imported 'GUID: 217d1c918b0005940b43c6099bbad952' -> (Import Result ID: '977d45d7c3b7277b5fa105af5bb88aa4') in 0.019 seconds [static and dynamic dependencies]. Details - ImportResultOutputID=e408d26c924efa05abb14ca96df26f52 DependenciesID=90f3f8f75411548627f7abe309508825 StaticDependenciesID=bbfb79eaa619cba0bc8b739ae5b3b284 
Number of updated asset objects reloaded before import = 0
Number of asset objects unloaded after import = 0
========================================================================
Received Import Request.
  Time of request: 2026-09-13T12:49:53.0917158Z
  Time since last request: 0.0010195 seconds.
  importAddress: GUID: 1b769279d1324508b645aea1a29bae8c - Path: Packages/com.unity.collab-proxy/Editor/UnityInternals/UVCSToolbarButton_Legacy.cs - Importer: ScriptedImporter/UnityEditor.QuickSearchModule:UnityEditor.Search:ASIAI0B
Importing 'GUID: 1b769279d1324508b645aea1a29bae8c - Path: Packages/com.unity.collab-proxy/Editor/UnityInternals/UVCSToolbarButton_Legacy.cs - Importer: ScriptedImporter/UnityEditor.QuickSearchModule:UnityEditor.Search:ASIAI0B' with importer (ScriptedImporter : UnityEditor.QuickSearchModule:UnityEditor.Search:ASIAI0B)
Imported 'GUID: 1b769279d1324508b645aea1a29bae8c' -> (Import Result ID: 'a37588992e8003824041f30e6af574ac') in 0.036 seconds [static and dynamic dependencies]. Details - ImportResultOutputID=ec0708f6b9cc795fff6d1ab1a8405724 DependenciesID=65ccd9ae8d12b5f9548c4ef48d91cf78 StaticDependenciesID=c8c7afc6eb8521aea1065ec36fca93ac 
Number of updated asset objects reloaded before import = 0
Number of asset objects unloaded after import = 0
========================================================================
Received Import Request.
  Time of request: 2026-09-13T12:49:53.1429546Z
  Time since last request: 0.014577 seconds.
  importAddress: GUID: 9c549b85e316e2d4ea9265d63a17e401 - Path: Packages/com.unity.collab-proxy/Editor/UI/ScreenResolution.cs - Importer: ScriptedImporter/UnityEditor.QuickSearchModule:UnityEditor.Search:ASIAI0B
Importing 'GUID: 9c549b85e316e2d4ea9265d63a17e401 - Path: Packages/com.unity.collab-proxy/Editor/UI/ScreenResolution.cs - Importer: ScriptedImporter/UnityEditor.QuickSearchModule:UnityEditor.Search:ASIAI0B' with importer (ScriptedImporter : UnityEditor.QuickSearchModule:UnityEditor.Search:ASIAI0B)
Imported 'GUID: 9c549b85e316e2d4ea9265d63a17e401' -> (Import Result ID: 'a0e4ce23d92beb133102482e4c0fba16') in 0.010 seconds [static and dynamic dependencies]. Details - ImportResultOutputID=1a51c9d9ab6f33d612e98ba9ca1bd04a DependenciesID=dfc15fe97255fe7070fd896f96f0f148 StaticDependenciesID=41c730d42a71d3cee7bcfa9821850c7e 
Number of updated asset objects reloaded before import = 0
Number of asset objects unloaded after import = 0
========================================================================
Received Import Request.
  Time of request: 2026-09-13T12:49:53.1550487Z
  Time since last request: 0.0015347 seconds.
  importAddress: GUID: 5bbb26813ae33c64d8937661111fb3c6 - Path: Packages/com.unity.collab-proxy/Editor/UVCSToolbar/UVCSToolbarButtonData.cs - Importer: ScriptedImporter/UnityEditor.QuickSearchModule:UnityEditor.Search:ASIAI0B
Importing 'GUID: 5bbb26813ae33c64d8937661111fb3c6 - Path: Packages/com.unity.collab-proxy/Editor/UVCSToolbar/UVCSToolbarButtonData.cs - Importer: ScriptedImporter/UnityEditor.QuickSearchModule:UnityEditor.Search:ASIAI0B' with importer (ScriptedImporter : UnityEditor.QuickSearchModule:UnityEditor.Search:ASIAI0B)
Imported 'GUID: 5bbb26813ae33c64d8937661111fb3c6' -> (Import Result ID: 'bc03020473b7c3f8f1947123bec3f0d1') in 0.012 seconds [static and dynamic dependencies]. Details - ImportResultOutputID=2c2a6649895a600cbfce24d2a5c7e320 DependenciesID=b3a9ab6b3bca4a36a0aa0a5b1ab70bd3 StaticDependenciesID=4ac09ce1d909c1f2c5a1a617ffc62b85 
Number of updated asset objects reloaded before import = 0
Number of asset objects unloaded after import = 0
========================================================================
Received Import Request.
  Time of request: 2026-09-13T12:49:53.1690085Z
  Time since last request: 0.0013584 seconds.
  importAddress: GUID: 2ab28149ef514131a59b505412f5bb87 - Path: Packages/com.unity.collab-proxy/Editor/Views/SummaryTextArea.cs - Importer: ScriptedImporter/UnityEditor.QuickSearchModule:UnityEditor.Search:ASIAI0B
Importing 'GUID: 2ab28149ef514131a59b505412f5bb87 - Path: Packages/com.unity.collab-proxy/Editor/Views/SummaryTextArea.cs - Importer: ScriptedImporter/UnityEditor.QuickSearchModule:UnityEditor.Search:ASIAI0B' with importer (ScriptedImporter : UnityEditor.QuickSearchModule:UnityEditor.Search:ASIAI0B)
Imported 'GUID: 2ab28149ef514131a59b505412f5bb87' -> (Import Result ID: '5046d2f000a73694882d76576ec34feb') in 0.014 seconds [static and dynamic dependencies]. Details - ImportResultOutputID=955306a1664f1644303896aeb6229ba8 DependenciesID=d3f47293d18c391a69e2371f23819b4b StaticDependenciesID=3d33298b8e8d4bbd5cf00bf2b8b9ffaa 
Number of updated asset objects reloaded before import = 0
Number of asset objects unloaded after import = 0
Editor requested this worker to shutdown with reason: Scaling down because of idle timeout
AcceleratorClientConnectionCallback - disconnected - :0
AssetImportWorker is now disconnected from the server
Process exiting
Exiting without the bug reporter. Application will terminate with return code 0